,file name,Time (UTC),Time,Exp Time,orbit,Filter,6.000um Flux,18.500um Flux,31.500um Flux,44.500um Flux,57.500um Flux,70.000um Flux,82.500um Flux,95.500um Flux,108.500um Flux,121.500um Flux,6.000um Error,18.500um Error,31.500um Error,44.500um Error,57.500um Error,70.000um Error,82.500um Error,95.500um Error,108.500um Error,121.500um Error
0,ibh720izq_flt.fits,2012-01-27T16:43:33.000,2455954.1969097224,100.651947,0.0,G141,0.9850767188167467,0.9899209683489745,0.99048579098018,0.9909496576117804,0.9915889254123592,0.9899749062199419,0.9898078415139716,0.9883935425679604,0.990285861134002,0.9902443297274087,0.0005423553703219876,0.00045513368632743063,0.000443794283291121,0.0004338853377321461,0.00042876018502185275,0.0004682661662731971,0.00045573032576034497,0.00045695186733434143,0.00048232781474788765,0.0005180168556828295
1,ibh720l0q_flt.fits,2012-01-27T16:45:32.000,2455954.198287037,100.651947,0.0,G141,0.9905552225276028,0.9929753523092133,0.9939948832535397,0.9960404921791484,0.9939796658952722,0.9945114320639049,0.9940336579820683,0.9938872676676553,0.9938885582079694,0.9959815313598122,0.0005412064076835319,0.0004550241690751209,0.00044419906644885596,0.00043447117328811207,0.00042915259726059035,0.00046871237857404216,0.00045634120019933717,0.00045742238352230785,0.0004825548597801123,0.0005191942011749274
2,ibh720jwq_flt.fits,2012-01-27T16:47:31.000,2455954.199664352,100.651947,0.0,G141,0.9918551671042083,0.9968182205007392,0.994434572779784,0.997742250094113,0.9955072839916059,0.9964182150546824,0.996294193187206,0.9957530502627805,0.996409605887709,0.9954692323536473,0.0005458620448648943,0.0004559567286304023,0.0004446027016894059,0.0004347497262070429,0.0004293195466115729,0.000468847898397639,0.0004564700208782986,0.0004576295507593739,0.0004825849352884239,0.0005179202155991906
3,ibh720igq_flt.fits,2012-01-27T16:49:30.000,2455954.201041667,100.651947,0.0,G141,0.9943371286727818,0.9953994958653851,0.9963063339655313,0.9974933718889677,0.9970813803233161,0.9966231190791918,0.9969152364534705,0.9952183765860154,0.9965598243434404,0.9968463835479803,0.0005429841800600204,0.0004566101485617465,0.00044463293348364453,0.00043424289769490885,0.00042917346704071364,0.00046881811733367297,0.0004562608535663673,0.00045729565333902495,0.0004823032957363785,0.0005185871109725645
4,ibh720ksq_flt.fits,2012-01-27T16:51:29.000,2455954.2024189816,100.651947,0.0,G141,0.995229506645396,0.9981201302426248,0.9981973561428902,0.997671127990801,0.9974623216223699,0.9970656031400268,0.9973050967302842,0.9965350370376932,0.9979706330862795,0.9967410665404703,0.0005418960682274909,0.00045462682958197627,0.00044400388705031276,0.00043449083573778534,0.0004291323471410175,0.00046849616656419754,0.000455977531095195,0.00045715737842427247,0.0004822165361646639,0.0005177746941465561
5,ibh720jbq_flt.fits,2012-01-27T16:53:28.000,2455954.2037962964,100.651947,0.0,G141,0.9959833691578723,0.9972773262120764,0.9981708425919522,0.9997237441693544,0.9987962373636946,0.9980675188140027,0.9977554295093574,0.9994180980318557,0.9978904921205503,0.9967813237519901,0.0005434605953583007,0.00045773634285983247,0.00044506936528977497,0.00043379166465641275,0.0004287588585171717,0.0004687801237720808,0.0004563368971196663,0.00045734615081458046,0.00048209164333009105,0.0005173760036264399
6,ibh720irq_flt.fits,2012-01-27T16:55:27.000,2455954.205173611,100.651947,0.0,G141,0.9982991722733404,0.9977509232015372,0.9977515115587453,0.9994429297370191,0.9980133025920332,0.999293501359328,0.9980887623039953,0.9989467382975843,0.9991728305401884,0.9979318682487082,0.0005433964512404294,0.0004552813893963981,0.00044396607128687117,0.00043422294089828534,0.00042899114050349825,0.0004685613884381952,0.00045603965220711323,0.00045713140900361667,0.0004822003205974484,0.0005174931464599387
7,ibh720kfq_flt.fits,2012-01-27T16:57:26.000,2455954.206550926,100.651947,0.0,G141,0.9995860807959216,0.9994764705148051,0.9978944001598272,0.9988262797961382,0.9981243790286246,0.9993843102126014,0.9980910188143257,0.997025922317184,0.9975528728237946,0.9982126898704955,0.0005429981084122865,0.00045502994248302,0.00044373824869157764,0.0004340036341592137,0.00042896199984496203,0.00046857752821488673,0.0004558824235545332,0.00045688399765097664,0.00048189133081674333,0.0005173648782708026
8,ibh720k7q_flt.fits,2012-01-27T16:59:25.000,2455954.2079282408,100.651947,0.0,G141,1.0003937404598549,0.9994866745349789,0.9983544095757247,0.9989377289876529,0.9983891935628039,0.9982053502217298,0.9979889937207387,0.9999991278557322,0.997805576496096,1.0002193558634243,0.0005440065085749195,0.0004551062625476909,0.0004436414190006493,0.0004339493393413384,0.00042883768224564404,0.0004684988556096004,0.0004562672159139902,0.0004574571025128736,0.000482333285409878,0.0005175934777911566
9,ibh720ijq_flt.fits,2012-01-27T17:01:24.000,2455954.2093055556,100.651947,0.0,G141,1.001128235417456,0.9981180659824506,0.9998138357687841,0.9990945995135773,1.0007104796944317,0.9994576183686669,0.997892350516756,0.9972963266740222,0.9979244350002601,0.9986275877670281,0.0005440326875816187,0.00045625866349164516,0.00044473151006890386,0.00043462684862354396,0.0004291652569121562,0.00046866668874821966,0.00045594470612442565,0.000457020548837036,0.0004821322241233911,0.0005173907259702962
10,ibh720jzq_flt.fits,2012-01-27T17:03:23.000,2455954.2106828704,100.651947,0.0,G141,0.9997963893671478,0.9982384471188307,0.9993578119139899,1.0006856342591328,0.9987096648947793,0.9987124019619622,1.0001826349691116,0.998902975697217,0.9995330770805415,0.999261752040027,0.0005449830817093886,0.00045451461998671365,0.00044369538585272014,0.00043454229390326,0.0004291265899949057,0.0004685877092727844,0.0004563501017629324,0.0004575225252806619,0.0004821717806482305,0.000517793614806351
11,ibh720j3q_flt.fits,2012-01-27T17:05:22.000,2455954.212060185,100.651947,0.0,G141,1.001194597919958,1.0003863138276479,1.0008955240707265,1.0005505169972713,0.9985584764476856,0.9998207828116571,0.999516867307326,0.9982928040426472,0.9994799240989116,0.9988345528878114,0.0005444414691942478,0.00045757431583666724,0.00044529991989334554,0.00043429326751906743,0.0004291064812154514,0.0004688857614828774,0.000456178442174709,0.0004571904986333952,0.00048218956283215973,0.0005174518233592007
12,ibh720joq_flt.fits,2012-01-27T17:07:21.000,2455954.2134375,100.651947,0.0,G141,1.000766883370363,0.9996973927714985,0.9986571983626109,1.000070747044878,0.999204340457371,0.9999558227277282,1.000247452159561,0.9979668499060458,1.0001949317779448,0.9978939984765911,0.0005443774935599942,0.00045574313448140387,0.0004442860152337665,0.0004344310492840326,0.0004291218603671062,0.0004687640953147594,0.0004564538495227052,0.0004573900382164358,0.0004819665325266986,0.0005177453035254672
13,ibh720i6q_flt.fits,2012-01-27T17:09:20.000,2455954.2148148147,100.651947,0.0,G141,1.0006204336266487,1.000558234942465,1.000121848396044,0.9993180458279605,0.9994541480662616,1.0006242191529737,0.9987026450351238,1.000448671795504,0.9994254943980796,0.9985082937804322,0.0005445828945686933,0.0004550394201616118,0.0004440754733341444,0.0004345150000562216,0.00042922708158162006,0.00046876865887744034,0.00045618311501519743,0.0004573109061410245,0.0004822978635570906,0.000516846966287049
14,ibh720kkq_flt.fits,2012-01-27T17:11:19.000,2455954.2161921295,100.651947,0.0,G141,1.0041839636132184,1.0001867845220063,0.999109949660461,1.0000047018309344,1.0005508727231724,0.9986340372657002,0.9996844828263358,1.0005690970604644,0.999559541897418,0.9979348467014147,0.0005452924257651929,0.0004551562069444472,0.0004435550110159217,0.0004339983985334996,0.0004289875332550408,0.0004687537741944528,0.00045639005348987717,0.000457310375002794,0.0004819807537804302,0.0005175609069690332
15,ibh720jdq_flt.fits,2012-01-27T17:13:18.000,2455954.2175694443,100.651947,0.0,G141,1.0015924304771366,1.001416726479128,1.000316619220746,1.000426836183791,1.0006357262553807,1.0012353890752494,1.002091367175165,0.9999689469212873,0.9997687366185232,0.9991494490909425,0.0005475155271100655,0.0004564642035703454,0.0004447756357084417,0.00043496931752520383,0.0004295127168905462,0.0004691497190308157,0.0004567513745717282,0.0004576336340899584,0.0004822760565099356,0.0005177778099731048
16,ibh720itq_flt.fits,2012-01-27T17:15:17.000,2455954.218946759,100.651947,0.0,G141,1.0021408016560192,1.0003333694807892,0.999311541687344,0.9991908551524475,0.9995853433296202,0.9994231250643911,1.0001395176862362,1.0002785169675872,0.9998800882869602,0.9999647766996987,0.0005440140099699179,0.00045482748908499704,0.00044366007448759954,0.00043406020377558045,0.000428900037960281,0.00046864744849307806,0.0004564521335411024,0.00045761618767843946,0.00048235080036927583,0.0005178077607947585
17,ibh720jqq_flt.fits,2012-01-27T17:17:16.000,2455954.220324074,100.651947,0.0,G141,1.0009314136878749,1.0007363178299458,0.9988642746033269,1.0002998272066776,0.9996932056972503,0.999513798806419,0.9999303797439758,0.999749208337904,1.0002453474168267,0.9988250941069732,0.0005446980236300812,0.0004554767038233978,0.00044421331252813667,0.00043452528950235823,0.0004292078916786711,0.0004688124552971347,0.0004564838333621555,0.0004577229731476104,0.00048277352114808484,0.0005176767541009197
18,ibh720iaq_flt.fits,2012-01-27T17:19:15.000,2455954.2217013887,100.651947,0.0,G141,1.0011996565964976,0.9993688473338704,0.9998207106388682,0.999665299589273,1.0002041792965948,1.0013334180100133,0.9990846978636477,1.0010053635040872,0.9994666003327871,1.0008201661165648,0.0005421809051130635,0.0004550307525735973,0.00044392368402025156,0.0004342009807769781,0.0004292362177636801,0.00046901116513854295,0.0004565175676319253,0.0004575891065675153,0.0004827081321302854,0.000517870169906712
19,ibh720kuq_flt.fits,2012-01-27T17:21:14.000,2455954.2230787035,100.651947,0.0,G141,1.0012870406251158,0.9999590519056142,1.0008015986347565,1.0019791011622823,0.999985578350295,1.001103085023961,1.0015366031258208,1.0014347351670094,1.0000310581352148,0.9992871755043699,0.0005460649135878451,0.0004547173946341281,0.0004439382059372294,0.00043476878094818663,0.0004293977928632477,0.00046909548426964527,0.0004569912215757579,0.0004579774346912512,0.0004823449995905109,0.000517890965024911
20,ibh720iyq_flt.fits,2012-01-27T17:23:13.000,2455954.2244560183,100.651947,0.0,G141,1.0021281961804074,1.0005406605487641,1.0011878180436622,0.9998817529313603,0.9996432206715948,1.0010982930694299,0.9996559191542218,0.9996659069338522,1.0006711808888729,0.9992886726535747,0.0005539287161113889,0.00045555946990336624,0.0004434684737956702,0.00043477419829844897,0.0004292920688272622,0.00046875580639133924,0.00045642346187163503,0.0004575591908793053,0.00048236717058052956,0.0005172008205893909
21,ibh720jiq_flt.fits,2012-01-27T17:25:12.000,2455954.2258333336,100.651947,0.0,G141,1.0021038149676882,1.0013023112284944,0.9986584002945188,1.0012321325867268,1.0004346240934254,1.0004934296986008,1.0013965358039243,1.0000553650113841,1.0015958711398483,0.9996217925359087,0.0005452726651054837,0.00045648171401494034,0.00044452216214339597,0.0004343357478385301,0.00042913431530763136,0.00046878537474143666,0.0004562171734687624,0.00045751246369938676,0.0004830247652284624,0.0005178248116098888
22,ibh720kmq_flt.fits,2012-01-27T17:27:11.000,2455954.2272106484,100.651947,0.0,G141,1.0026133894025386,1.0002295746859553,1.00160115091409,1.0019313579214346,1.0012002637170145,1.0011363265924245,1.0016462038208966,0.9994887000994127,0.9991198996801877,0.999848236666268,0.0005440933036873656,0.0004557581833088212,0.00044467206583602545,0.0004348817966240607,0.00042963423118276545,0.00046926016171917423,0.00045664911634611785,0.0004574757181827492,0.0004822482796118153,0.0005176098485268028
23,ibh720ilq_flt.fits,2012-01-27T18:19:22.000,2455954.2634490742,100.651947,1.0,G141,0.9962228483398533,0.9973911678818558,0.9949730589184836,0.9987404233212982,0.9966093805048384,0.9962054850985393,0.9976460501954099,0.9968272995221104,0.9968390352223581,0.9985380251055728,0.000544545911648616,0.00045655542986365117,0.00044508829506404715,0.00043511535526288126,0.0004299185055204118,0.0004697202591054354,0.00045741000983747914,0.00045868595903445945,0.0004834782771706908,0.0005196241662318231
24,ibh720k1q_flt.fits,2012-01-27T18:21:21.000,2455954.264826389,100.651947,1.0,G141,0.9963889359897625,0.9989902922757145,0.9992146995326392,0.9983129434881657,0.9975032701949844,0.9992987290580614,1.0001023641967823,0.9997681651985695,1.0001375020808911,1.0018379065834377,0.0005488348082773486,0.0004561650391620218,0.0004444027468601309,0.00043515814110528875,0.00042983449785850825,0.0004694727134187669,0.0004573547933937519,0.0004587920703764782,0.00048393052629301057,0.0005205393657909903
25,ibh720j5q_flt.fits,2012-01-27T18:23:20.000,2455954.266203704,100.651947,1.0,G141,0.998786418584854,0.9999120186763399,0.998194736245407,0.9988793802672714,1.0000112711655993,1.0000036166285597,1.0004370384666517,0.9990479622636206,0.9992379636195307,0.9994747231776822,0.0005463747964431798,0.00045948141143114916,0.00044590299961128825,0.00043441489013255766,0.0004297019918157596,0.00046995410098672063,0.00045740095318924314,0.00045834105553052486,0.0004831845652241126,0.0005190734087025155
26,ibh720kxq_flt.fits,2012-01-27T18:25:19.000,2455954.2675810186,100.651947,1.0,G141,0.9991844689684907,0.9990831334969145,0.9989552853407375,0.9989812291023908,1.0011304905384504,1.0009085278879302,1.000090340481584,1.0000427977703232,1.000910056028964,1.001151154199308,0.0005450019779236812,0.00045591710102716056,0.0004441550437399111,0.0004346104803177628,0.00042993524579684907,0.00046968159941028216,0.0004569296134248828,0.0004580240589419419,0.00048339937677821813,0.0005192289984220322
27,ibh720krq_flt.fits,2012-01-27T18:27:18.000,2455954.2689583334,100.651947,1.0,G141,0.9970067203732268,1.0002932245430465,0.9988797556116402,1.0004919979247922,0.9998347380871506,0.999943678897717,0.999999764265244,0.9990798447606578,1.0006683173429887,1.0015437300717078,0.0005420524681399195,0.0004554838309726489,0.0004439578780859845,0.00043418683965172416,0.0004294648375172647,0.00046926558411959575,0.0004564997392953556,0.00045748429337487563,0.00048269035199008164,0.0005187882228504905
28,ibh720l1q_flt.fits,2012-01-27T18:29:17.000,2455954.270335648,100.651947,1.0,G141,0.997752404202141,1.001098368502828,0.9999026669152767,1.000804091212821,0.9988471746004288,1.0001321419386993,1.001269244115652,1.0006685031987885,1.0007477168294812,1.0000517500349433,0.000545673819124906,0.0004560024391951882,0.0004440284093223968,0.00043424620168668455,0.00042889850932912194,0.00046862702973855325,0.00045667755640222324,0.00045807341158438374,0.0004829972686375699,0.0005181555279064124
29,ibh720jvq_flt.fits,2012-01-27T18:31:16.000,2455954.271712963,100.651947,1.0,G141,0.999628417107391,1.0005673040056478,1.001438063542944,1.0013334450690006,1.0000327575120356,1.000680708692112,0.9995769260124848,1.000000872144268,1.0016589023799574,1.0020000296384635,0.0005469372551972565,0.0004544627073007163,0.0004437021621568931,0.00043504849160225966,0.0004295850758909185,0.0004690105464060466,0.0004566354393123099,0.000457882389538026,0.0004828411657580562,0.0005186795682567314
30,ibh720ifq_flt.fits,2012-01-27T18:33:15.000,2455954.273090278,100.651947,1.0,G141,1.000315031789487,0.9997638089019404,0.9998414643311836,1.0004999704952107,1.0006210273425094,1.000233091842178,1.0000078369433694,1.0009875583024028,1.0009241968679525,1.000885159935457,0.0005434527536387568,0.00045527777058069205,0.00044429964576867833,0.0004345328846258239,0.00042919015356142153,0.0004689162565503854,0.000456774917977187,0.0004579953633734757,0.00048272009562220786,0.0005183694826566978
31,ibh720kgq_flt.fits,2012-01-27T18:35:14.000,2455954.2744675926,100.651947,1.0,G141,1.0019610468034845,1.0006921473408514,1.0005368741370864,0.9995661803903985,1.000559708019158,1.0013587785172529,1.0012513728772265,1.0009664808346335,1.0011986879850783,1.0016785162122332,0.0005446316905074961,0.00045505526377436975,0.0004437469470423343,0.00043425330520581115,0.0004293469961034694,0.00046930790848802,0.00045695030335424073,0.0004579891272069279,0.00048305663478484756,0.0005187638455342514
32,ibh720jcq_flt.fits,2012-01-27T18:37:13.000,2455954.2758449074,100.651947,1.0,G141,1.0024743752412217,1.001176817652751,1.0003409685268108,0.9998786453876677,1.0009026301563737,1.0010344600841,0.9989203979820422,1.0006988493061448,0.9997613545380621,1.001728623698153,0.0005479566706284451,0.0004543600185918304,0.00044309576906561654,0.00043426910337568967,0.00042916719992252964,0.0004688428221224409,0.00045657093604373336,0.0004575331917221957,0.0004824017565913152,0.0005186858588594018
33,ibh720isq_flt.fits,2012-01-27T18:39:12.000,2455954.277222222,100.651947,1.0,G141,1.0026895456244436,1.0006683477196052,1.0020976345116748,1.0008952478724447,1.0008198853093395,1.0011433187845857,0.9998508981091677,0.9992503829103522,0.9997841276504768,1.0023980841816784,0.0005467802594943359,0.0004544660478288541,0.0004435256493338283,0.00043464602390412197,0.000429491335971022,0.0004688090585741382,0.00045599461320033603,0.000457063849138992,0.00048240513390783625,0.0005187103258848367
34,ibh720j2q_flt.fits,2012-01-27T18:41:11.000,2455954.278599537,100.651947,1.0,G141,1.0014658718083558,1.0006663547729555,1.0008473970762746,1.0011900485400351,1.0010250538442227,1.000129154355137,1.0008697591336233,1.0007761155647554,1.001997632734161,1.001293101103669,0.0005445684685687464,0.0004561740704674034,0.00044476073550450684,0.000434752663876236,0.00042914751481519953,0.000468768743292737,0.0004565940301288374,0.00045785471745180066,0.00048285328172888197,0.0005176410295334958
35,ibh720k6q_flt.fits,2012-01-27T18:43:10.000,2455954.279976852,100.651947,1.0,G141,1.001551305776351,0.9999759877966515,1.000011945533763,1.0012718240920058,0.9995329848191531,1.0018788683563917,1.0003302689716826,1.0018294511371075,1.001312289142765,1.0009977422383614,0.0005461240989282553,0.0004555424899035209,0.00044413214461118373,0.0004343800999660101,0.00042913834795680586,0.00046898091691048756,0.00045688552177108134,0.00045815502846417136,0.000482791354911867,0.0005178805027433145
36,ibh720ikq_flt.fits,2012-01-27T18:45:09.000,2455954.2813541666,100.651947,1.0,G141,1.002052572322576,1.0021824638951258,1.0002863474464228,1.0004465010027968,0.9996760567220272,1.0007259852198582,1.0002259288628093,1.001361586248978,0.9997485270511363,1.000914448426225,0.0005487860489565277,0.00045706099194584986,0.0004446170932008111,0.00043448838660290997,0.0004291363808356681,0.0004688531546009107,0.0004567358044180129,0.0004579110096020092,0.00048253768352461907,0.0005181277420356294
37,ibh720i7q_flt.fits,2012-01-27T18:47:08.000,2455954.2827314814,100.651947,1.0,G141,1.0024371758249002,1.000192644059447,1.0006929478390527,1.0008696854055696,1.0002897781590088,1.0021847794450034,0.9998744729369619,0.9999117711659001,0.9993040368520135,0.9999463595814403,0.000545892824919167,0.0004549579486125908,0.0004436786335141432,0.0004344350147440045,0.0004294446712992489,0.0004690509454119147,0.00045643484216363573,0.00045750551611419915,0.0004826115939762634,0.0005175965108869888
38,ibh720kjq_flt.fits,2012-01-27T18:49:07.000,2455954.284108796,100.651947,1.0,G141,0.9994819984727493,1.0009496134218188,1.0003750810228265,1.0005619999978195,1.0006659351310734,1.0014208278531522,1.0002823099104248,1.0001334688832828,1.0002108342135532,1.0001593331535708,0.0005465624892433011,0.0004559980295743637,0.00044450307989587655,0.0004348619936338979,0.00042969514332563355,0.0004691992900295429,0.0004564058030378484,0.00045735447194850506,0.0004823761382178328,0.0005177634644854297
39,ibh720jnq_flt.fits,2012-01-27T18:51:06.000,2455954.285486111,100.651947,1.0,G141,1.0013288263142939,1.0000397360118747,1.0004635890351206,0.9999952981690657,1.001626932131451,1.00161405687938,1.0010287812372507,1.001407095048293,1.0009941604471548,1.001122394986663,0.0005457302881948608,0.000457185688386473,0.0004448760326769916,0.000434369470959533,0.00042947417574416694,0.00046936864747538967,0.0004566811593372638,0.0004576558521698484,0.0004826441984047793,0.0005179888102522297
40,ibh720kaq_flt.fits,2012-01-27T18:53:05.000,2455954.2868634257,100.651947,1.0,G141,1.0026900804713461,0.9998690964042802,1.0009728087735492,1.0006187693953938,1.0004446630468204,1.0006603728490475,1.0002867485941713,1.0009396730120832,1.0007139875647855,1.0001242711466711,0.0005473118371614482,0.0004558477049375658,0.00044410231383298123,0.0004344536215951624,0.000429152759065974,0.0004687889438529617,0.00045649791501065355,0.00045765352485002263,0.0004824243183488162,0.0005176356364879535
41,ibh720jeq_flt.fits,2012-01-27T18:55:04.000,2455954.2882407405,100.651947,1.0,G141,1.002823781624569,1.0011735719362977,0.9994079862013552,1.0015323802733012,1.0003905493317777,1.0005602777882883,1.0011211484642644,1.0011253611383781,1.00291424812597,1.0012484718053438,0.0005495566774909144,0.00045920921339427054,0.0004453371128802549,0.00043418765163207306,0.0004291993440774394,0.000469132271896118,0.0004566063801065819,0.0004576553421686513,0.0004827736364175366,0.0005185804831816727
42,ibh720iuq_flt.fits,2012-01-27T18:57:03.000,2455954.2896180553,100.651947,1.0,G141,1.001632575713059,1.0014623784672558,1.0007853256847772,1.0003815744288724,1.0012727899876606,1.0005060294431942,1.0013840376902816,1.0019142009576516,1.0005781443743669,0.9996059183170551,0.0005476214690588348,0.00045478634821214113,0.0004435128192140206,0.0004346312003370433,0.0004296045145724086,0.000469299091133556,0.0004567856087883008,0.00045783140934644104,0.0004826423438963792,0.0005180438416801577
43,ibh720j9q_flt.fits,2012-01-27T18:59:02.000,2455954.2909953706,100.651947,1.0,G141,1.0011534420958683,1.0009724879998954,1.0012722819006967,1.0009817080264636,1.0007617234965227,1.0011572624428693,1.001045721663264,1.0013262201624311,1.0010522641716073,1.0005455830918577,0.0005476381422529541,0.0004586903923149072,0.0004455970575188821,0.00043436977472980054,0.0004292197330267201,0.0004691452529928296,0.00045667718385222577,0.00045775615565280415,0.0004828559765030873,0.000517756424291591
44,ibh720ktq_flt.fits,2012-01-27T19:01:01.000,2455954.2923726854,100.651947,1.0,G141,1.00015277628696,0.999634033903533,1.0001705389627242,0.9997521897791927,1.0000369132200528,1.002391085626886,1.0008281050532453,1.0007755537903593,0.9999425793090734,1.002199497656907,0.0005488564427444636,0.000454247942701315,0.00044331981954835167,0.00043493832797320925,0.00042967752337068983,0.0004691907690980714,0.00045683330900859017,0.00045775598832514656,0.000482210277328577,0.0005186013651344945
45,ibh720jpq_flt.fits,2012-01-27T19:03:00.000,2455954.29375,100.651947,1.0,G141,0.9989122575666688,1.0007050503656447,1.001598134946015,1.000366399546845,1.0005527096477604,1.0015501305497658,1.0014113451347277,1.0014022664492097,1.001232662204662,1.0008570565231218,0.0005486667996530255,0.0004576873217569952,0.00044483398260392233,0.0004344561091232957,0.00042941936527840323,0.0004692262052177853,0.0004565685016751691,0.00045756810753131745,0.0004825906778001806,0.0005180078832107395
46,ibh720klq_flt.fits,2012-01-27T19:04:59.000,2455954.295127315,100.651947,1.0,G141,1.0006404347533446,1.001993616362422,1.0019751630306806,0.9999942201243619,1.001844441570097,1.0013212820522,1.0003188594691228,1.0001775208812929,1.0002656606420401,0.9989664477996172,0.000547565548237412,0.00045577668015626976,0.00044421687373003547,0.000434593027580516,0.00042940711868570783,0.0004691569984908904,0.00045672841937169974,0.00045764826736989186,0.00048241157596112675,0.0005181940942489478
47,ibh720ixq_flt.fits,2012-01-27T19:06:58.000,2455954.29650463,100.651947,1.0,G141,0.9997242600453689,1.0009474041010646,1.0006143404098569,1.0006573804975756,1.002380099789731,1.0010511191773668,1.0009317754829576,1.0027535698476913,1.0005808047224602,1.0013357144533306,0.0005443171529146265,0.00045586864814221466,0.0004441778595563067,0.00043422612081571964,0.00042931900244037836,0.0004692551928943163,0.0004566327558462982,0.0004576983835547555,0.0004827319772249837,0.0005179521609131387
48,ibh720jhq_flt.fits,2012-01-27T19:55:11.000,2455954.329988426,100.651947,2.0,G141,0.9927021270175068,0.9972537107251157,0.9953456476881226,0.9971627757225855,0.9957706145234688,0.9963219179851541,0.9969894319836485,0.9961502426964605,0.9969014174758224,0.9990877864223747,0.0005429782286801484,0.0004566232991379862,0.0004450738398410944,0.0004348359408635265,0.0004295871317943786,0.0004693709172144152,0.00045712716507054663,0.0004583248563833823,0.0004833915248076552,0.000519566660307102
49,ibh720j4q_flt.fits,2012-01-27T19:57:10.000,2455954.331365741,100.651947,2.0,G141,0.9965360367914561,0.997507823714713,0.9975714279756751,0.9993487060343595,0.9993729379744498,0.9989973510509527,0.9993537994975127,0.9993783404053016,0.9993169332929013,0.9990313354682214,0.0005429444815389405,0.00045579208223193345,0.0004448161252186144,0.0004351689757343933,0.0004300487494897151,0.0004698705570418576,0.00045746393082778813,0.0004585973936465871,0.0004834979930121621,0.0005197110827847182
50,ibh720kyq_flt.fits,2012-01-27T19:59:09.000,2455954.3327430557,100.651947,2.0,G141,0.9930984256680897,0.9984304309597468,0.9978846342271965,0.9997277437673111,0.9982124917398875,1.0002702971381867,0.9990625615242883,0.9987995821811814,1.0013506147603268,1.0002664401170394,0.0005494190923657612,0.00045535177969837455,0.00044398474051442384,0.0004351997419153037,0.00042962444924591855,0.00046909248303795463,0.00045700913551502864,0.0004584102350654098,0.00048342236897929526,0.0005192192429855792
51,ibh720imq_flt.fits,2012-01-27T20:01:08.000,2455954.3341203704,100.651947,2.0,G141,0.9952842192919729,0.9991776844865108,0.9993749409325989,0.9995728242486416,1.000149770833312,0.9987409089198678,0.9994225099589074,1.0005498340155108,0.999706478204329,1.0010406583975306,0.0005448191629968985,0.00045534799885646313,0.0004443713910597137,0.0004350517349634903,0.0004296869864265527,0.0004692829194527735,0.0004570985625476453,0.00045839349085784984,0.0004830967095035285,0.000518531308365303
52,ibh720k0q_flt.fits,2012-01-27T20:03:07.000,2455954.3354976852,100.651947,2.0,G141,0.9980420110526954,0.9979293795947772,0.9990114209717321,0.9988461809060301,0.999174298180509,0.9983604777186588,0.9999690026379375,0.9997691215523491,0.9987706913226709,0.9998441683735672,0.000544388414540279,0.0004579724635431088,0.00044511688848824593,0.00043403474514581026,0.00042909016425475826,0.0004691646597660373,0.00045659748157555796,0.0004575038122266472,0.00048221632072200597,0.0005179670216634436
53,ibh720ipq_flt.fits,2012-01-27T20:05:06.000,2455954.336875,100.651947,2.0,G141,0.9949136160535245,0.9995676126464145,1.0001452325851872,0.9999020432495224,0.9992507115105561,1.0000740725048995,0.9988049814952594,0.9995875259368087,0.9994878846798227,1.0001862067707095,0.0005426114585462428,0.0004556247226327584,0.0004445695756378476,0.0004346252896825835,0.0004292814251317452,0.0004688432685072541,0.00045639268708331485,0.0004576045700221299,0.00048261589323671895,0.0005178582470556345
54,ibh720i9q_flt.fits,2012-01-27T20:07:05.000,2455954.338252315,100.651947,2.0,G141,0.9997581394809739,0.998834603194695,1.000266039309363,0.9987608944651624,0.9999887288344008,0.9997980707952999,0.9990972160702281,1.0002294096709226,0.9992960814054829,1.0000904265317807,0.000544219167111346,0.00045560138043179856,0.0004441561135607564,0.0004344702469919789,0.0004293278021948094,0.00046890330948425756,0.0004562853814736382,0.0004574066595675413,0.00048242549109300283,0.0005180823482215043
55,ibh720kdq_flt.fits,2012-01-27T20:09:04.000,2455954.3396296296,100.651947,2.0,G141,0.9971586820879459,0.9985147216220893,1.0005527721456233,1.000026244972188,0.9993721300424923,1.0008277555239364,0.9998210566702475,0.9996990344033817,1.0005785751363576,1.0015452795376643,0.0005480720053069794,0.00045679989761690894,0.00044476071302028674,0.00043480526379593764,0.00042911481825423235,0.00046862213537152126,0.0004565855759674035,0.0004577971558034546,0.0004824722571466319,0.000518714749196009
56,ibh720k8q_flt.fits,2012-01-27T20:11:03.000,2455954.3410069444,100.651947,2.0,G141,0.9996857601522036,1.0000686496557012,1.0010607012516701,0.9988255481103137,0.9992599943507199,0.9990286607977616,1.000729995200637,1.000326449999934,0.9994589469260111,1.0005126370551762,0.0005441779493787566,0.0004558290183695521,0.0004441382961708418,0.0004342658277635976,0.0004290839581098903,0.00046885606499498327,0.0004566768982972762,0.0004579042550081656,0.0004824570341307271,0.00051811451532814
57,ibh720ieq_flt.fits,2012-01-27T20:13:02.000,2455954.342384259,100.651947,2.0,G141,0.9985206250955773,0.9981601270431462,0.9994072149403409,1.0005063670637522,0.9989230291220977,0.9998823820054532,0.999932212762559,0.9982577413187297,0.9980324948806916,1.0006416693443687,0.0005451749281821824,0.00045585301374793355,0.0004440795952937466,0.0004343050505578168,0.0004290980177248906,0.0004687477105773887,0.00045633122577893123,0.00045728541408870667,0.00048198282213878494,0.0005177538347380912
58,ibh720l2q_flt.fits,2012-01-27T20:15:01.000,2455954.343761574,100.651947,2.0,G141,1.0015862234728792,0.9995111991751315,1.0002114996109908,1.0002856921229295,1.00079184547173,0.9992860085844355,0.9993627053044768,1.0008430368303447,0.9993058639103245,1.0004068042637326,0.0005456019408148752,0.0004547338570248641,0.0004437187515407948,0.00043446234798936306,0.000429253577309755,0.0004689494091598151,0.00045660690141419787,0.00045771146234508704,0.00048236735681326593,0.0005175452549970706
59,ibh720juq_flt.fits,2012-01-27T20:17:00.000,2455954.345138889,100.651947,2.0,G141,1.002045544261282,1.0014258795007884,0.9988407269415195,0.9994362092324012,0.9996042759661232,1.0000160079506974,0.9996152696488845,0.999467704746328,0.9998427790482217,1.000210932430907,0.0005458612527077301,0.00045588541056973425,0.0004439589147433932,0.00043407269051588907,0.00042902577580697886,0.00046880363679852873,0.00045636282104677823,0.000457267552063532,0.00048214451621568846,0.0005177010986240671
60,ibh720kqq_flt.fits,2012-01-27T20:18:59.000,2455954.3465162036,100.651947,2.0,G141,1.000998076859636,0.9992925479686304,1.0000306492971436,1.0002308112420772,0.9997863855184361,0.9995296052576705,1.0009312744554428,1.0004745577523848,1.0013412661791639,0.9980550360061745,0.0005445284821495464,0.0004559846304915676,0.0004440716988659432,0.00043410398382518714,0.0004291288295520426,0.00046898297359710745,0.00045668251958754213,0.00045775640432557955,0.000482497865872162,0.0005177785281653881
61,ibh720jmq_flt.fits,2012-01-27T20:20:58.000,2455954.3478935184,100.651947,2.0,G141,0.9996868799075723,1.001182598220474,0.9994909839577304,0.9998836791100881,0.9994210353134789,0.9992270126111835,0.9996627991334087,0.9999986212511551,0.9994434281162874,0.9999070974298064,0.0005447486203797393,0.0004559127670383206,0.000444196839056799,0.00043402828461578855,0.0004288442681523501,0.0004686682110757003,0.0004564667076692221,0.00045781537222354315,0.00048264058192960303,0.0005174059951735171
62,ibh720kiq_flt.fits,2012-01-27T20:22:57.000,2455954.349270833,100.651947,2.0,G141,1.0000368057555435,0.9999217432326389,0.999480339376857,1.0007594292158863,0.9999821904615932,0.9994317077965534,0.9991224863423666,0.9993447820240348,1.0002777404384715,0.9982562422862282,0.0005462959708286587,0.00045511872053479184,0.0004439095907037687,0.00043455573178272707,0.0004290968541451199,0.00046858680502328155,0.0004561972530138857,0.0004573135928293697,0.0004822698894303673,0.0005174362126782639
63,ibh720k5q_flt.fits,2012-01-27T20:24:56.000,2455954.350648148,100.651947,2.0,G141,1.0011153800613994,0.999863306157885,1.0005824469784037,0.9994786464317016,0.998433513667491,0.9989944172007613,1.0003677634101646,0.9999616316480654,1.000816245848969,0.9999957702296093,0.0005454080381619139,0.0004568491251535768,0.00044453948457786366,0.0004338570537890093,0.00042888856467421325,0.00046882663813607104,0.00045639557398253686,0.0004575693520900722,0.00048257418688914434,0.0005183273087804918
64,ibh720jxq_flt.fits,2012-01-27T20:26:55.000,2455954.352025463,100.651947,2.0,G141,1.0024893279631564,0.9999290475326165,1.0006302217179266,0.9999461906871283,0.9994672408332754,0.9994020904967911,1.0003084633237846,0.9999764494024563,1.000723293572207,0.9995898828094748,0.0005459254126684946,0.00045775025013950393,0.0004449181337976102,0.0004339461626596044,0.00042893472326387914,0.00046886724670332333,0.0004565060235407998,0.0004577993030592543,0.00048281244707595265,0.0005180495760139235
65,ibh720ihq_flt.fits,2012-01-27T20:28:54.000,2455954.3534027776,100.651947,2.0,G141,1.001251472231312,0.998277887739951,1.0003996069544414,1.0003658566780076,0.9999346989317359,1.0007542349459162,1.0004666058111868,1.0006614403397878,1.0012199374508597,1.0000042297703906,0.0005525712831991657,0.0004553626030917198,0.000443366012056479,0.0004346273381887736,0.0004294241876070311,0.00046900491029040216,0.00045664660659186474,0.00045790640077462123,0.0004828086940649849,0.0005177933280033135
66,ibh720j1q_flt.fits,2012-01-27T20:30:53.000,2455954.3547800924,100.651947,2.0,G141,0.9995831931675391,1.0008306879893927,0.998900985226214,0.9994814825286651,1.0000536255826438,1.0004714700814519,0.999286635156019,0.9995343078777043,0.9988439751817936,0.9986325693753294,0.0005454925243173537,0.00045527460738203137,0.0004438410176865462,0.00043439100111463026,0.0004291750320838296,0.000468725456280325,0.00045644580780483,0.0004575582056696628,0.00048221188298678755,0.0005176784930902202
67,ibh720icq_flt.fits,2012-01-27T20:32:52.000,2455954.3561574076,100.651947,2.0,G141,0.9998549942309283,1.0004719058179614,0.9996626469113429,1.0012550887751195,1.0006942343000043,0.9991321586292442,0.9998363269036133,1.0001763051876396,0.9993043721726794,0.999465706078811,0.0005465495486714066,0.0004584069070901985,0.0004454385450759775,0.0004342813718267061,0.0004290776087712219,0.00046891502483217856,0.0004564681379175202,0.0004575486918144519,0.00048232889955073834,0.0005176809344619218
68,ibh720jsq_flt.fits,2012-01-27T20:34:51.000,2455954.3575347224,100.651947,2.0,G141,0.9992962110206305,1.000845640218706,1.000046079639252,0.9994313415901778,1.0004064646953355,1.0001697944091783,0.9999420969127074,1.000755541512952,0.9996233507555773,0.9979881857528156,0.0005477813989535948,0.0004586416912761419,0.0004450155213246007,0.00043378060270615266,0.00042915900721915087,0.00046938826262783755,0.00045677470534288025,0.00045758236970654234,0.0004824480752139547,0.0005175954585542509
69,ibh720kwq_flt.fits,2012-01-27T20:36:50.000,2455954.358912037,100.651947,2.0,G141,1.0010616756253992,1.000845978287941,1.0012146789928715,0.9997629539193229,0.9983380434721671,1.0007516353141654,0.9989572028196683,0.9999804779260749,0.9988760854008476,0.9986076919387239,0.000556553734598035,0.00045550627361092125,0.0004433742876969374,0.00043484339110749076,0.0004290337891608936,0.00046830718061892124,0.0004564609578142076,0.00045777042378318284,0.00048208489497496754,0.0005174955300196306
70,ibh720jfq_flt.fits,2012-01-27T20:38:49.000,2455954.360289352,100.651947,2.0,G141,0.9997252408551716,1.0017852944739918,1.0002683273177182,1.0004622994736083,1.0012623765235869,0.9999158652181508,0.9994110423935872,0.9976559256411501,0.9993860681861987,0.9988350261634762,0.0005457866404550779,0.00045546735958137876,0.00044401587753399444,0.00043460550194114806,0.00042975777521325076,0.00046927232177245586,0.00045612256207502107,0.00045688440862395353,0.00048221626310945885,0.0005172042971894242
71,ibh720inq_flt.fits,2012-01-27T20:40:48.000,2455954.361666667,100.651947,2.0,G141,1.0017285953153072,1.0010547525603992,0.9999880544662367,1.0001542991764822,1.0007288439892204,1.0005070944495884,1.000236467375916,0.9997096816528288,1.0001237437709682,1.0000080400762295,0.0005534105271425803,0.000458423553199479,0.0004446666446760777,0.00043430083083259823,0.0004291728957633841,0.00046887370680778165,0.00045630284794154923,0.0004574031035539052,0.00048245876875561766,0.0005175372036964525
72,ibh720k3q_flt.fits,2012-01-27T20:42:47.000,2455954.3630439816,100.651947,2.0,G141,0.9977986438945811,0.9993228717311158,1.000656269499379,1.0014683922741912,1.0002100033499117,0.9998602815783199,0.9995755500295034,1.000079508396826,0.9999569788005082,0.999766190490775,0.0005502281282098457,0.0004550272694301681,0.0004438176620734257,0.000435133683403107,0.00042958825496498414,0.00046882971445816963,0.00045639160020006256,0.00045746136688479846,0.0004822125735423168,0.0005178916166830028
73,ibh720j7q_flt.fits,2012-01-27T21:30:59.000,2455954.396516204,100.651947,3.0,G141,0.992371891673281,0.9966219104964307,0.9955820176961779,0.9955603558497794,0.9956490195900771,0.9967096703539192,0.9973443501170036,0.9973552423404867,0.9977759940188742,0.9987455282114539,0.0005432329890657494,0.0004557722586905956,0.00044449954057853306,0.00043478982076009757,0.0004297676262696197,0.00046973765200216945,0.0004575857081923775,0.0004588328059323676,0.000483796836635566,0.0005200498451535763
74,ibh720kzq_flt.fits,2012-01-27T21:32:58.000,2455954.3978935187,100.651947,3.0,G141,0.9943898803323936,0.9984116316600361,0.9974078052400165,0.9984314543226205,1.0002980058081643,0.9989892695639826,0.9991427891334288,0.9986044532101197,0.9996969719942884,1.0004326721725934,0.0005442221702243327,0.0004579482415816353,0.000445783032872834,0.0004353413384220105,0.00043036699421645196,0.00047007616021041995,0.0004571734655189881,0.0004582161910831702,0.00048402873876758965,0.0005204105549449125
75,ibh720jkq_flt.fits,2012-01-27T21:34:57.000,2455954.3992708335,100.651947,3.0,G141,0.9941804341438265,0.9975071990866948,0.9989564152493547,1.0014138266261512,0.9984442140467238,0.9988773090542868,1.000000235734756,0.9998762996925066,1.0005301369047959,0.9982976522621946,0.0005433656640454237,0.00045691425403588315,0.00044547771312567554,0.00043529023354806957,0.00042996512210033476,0.00046968683326177065,0.00045727116475357724,0.00045847504549279976,0.00048335946889322844,0.000519138890654714
76,ibh720i8q_flt.fits,2012-01-27T21:36:56.000,2455954.4006481483,100.651947,3.0,G141,0.9957399661150248,0.9997703813981029,0.9989604695490059,0.9994108239255326,0.999604664180094,0.9989892340113464,0.9993309933563584,0.9998343220036553,0.999700281296047,1.0006523274451793,0.0005437719926347867,0.00045629156945080866,0.000444724246003972,0.0004346406088172101,0.000429486816044894,0.00046923977278945915,0.00045691887120594615,0.00045809619613938887,0.0004828788508049752,0.0005187506784124594
77,ibh720keq_flt.fits,2012-01-27T21:38:55.000,2455954.402025463,100.651947,3.0,G141,0.9965985830491526,0.9999577871159664,0.998769824440508,0.9996582308065578,1.0007400778817257,1.0000943471370316,0.9996020132588574,0.9999762464857535,1.0003155890966189,0.9984514526113981,0.0005432314539229356,0.0004564317058413588,0.00044453623157786066,0.0004343855303554927,0.00042947612663498465,0.0004692120722284202,0.000456421448153108,0.0004573917953931093,0.00048248888394033645,0.0005178786698169737
78,ibh720iqq_flt.fits,2012-01-27T21:40:54.000,2455954.403402778,100.651947,3.0,G141,0.9969239473083938,0.9983816319652323,1.0000772793471093,1.001456831296765,0.9993926705305204,0.9996416121567272,0.9977878624807502,0.9998946378216572,1.0000230153323808,0.9989449773584945,0.0005458669362542082,0.00045629889339094797,0.0004443251875282684,0.0004344289023328407,0.0004290812609303236,0.00046869313079771457,0.000456526624803913,0.0004575959750414627,0.0004822425453435908,0.0005178843104222379
79,ibh720jaq_flt.fits,2012-01-27T21:42:53.000,2455954.4047800926,100.651947,3.0,G141,0.9989993073103961,1.0004279043128874,0.9991675997625121,0.9991414739582517,1.000359992680414,0.9997755971377159,1.000617411450858,0.9995923088444657,0.9999804521032228,0.9997903931171588,0.000543419136276883,0.0004553299779677577,0.00044381375674070974,0.0004341242728570969,0.0004292243154966771,0.00046895636868302375,0.0004565475369938807,0.0004576115939030317,0.0004822858793147103,0.0005178325830866876
80,ibh720kpq_flt.fits,2012-01-27T21:44:52.000,2455954.4061574074,100.651947,3.0,G141,0.9974142023632429,0.9990344881658224,0.9982486349251333,1.0014070083883353,1.001351294743248,0.9998535541712087,0.9988954640470513,1.0003797421601714,0.9999214029117817,1.0012445037766433,0.0005443769891744926,0.00045505006177160625,0.0004442138852676948,0.00043479779689067113,0.00042946379235106236,0.000469004305555473,0.0004565435390121675,0.0004575989665569502,0.00048256891897100954,0.0005182343931772522
81,ibh720k9q_flt.fits,2012-01-27T21:46:51.000,2455954.4075347222,100.651947,3.0,G141,0.9988438579144656,1.0020472368948634,0.9999445685020506,1.0007430528877166,0.998471296822392,0.9984071800698907,1.0020746268360665,0.9999395663710133,0.9997327726817662,1.0001375255780653,0.0005445528305751032,0.0004584353298593436,0.00044580861608967516,0.00043434637283103493,0.0004288912810964189,0.0004688132191493479,0.0004567857836607735,0.0004579259530059581,0.0004825405858611069,0.0005179429398678967
82,ibh720idq_flt.fits,2012-01-27T21:48:50.000,2455954.408912037,100.651947,3.0,G141,1.0002215948167057,0.9992627818129047,0.998939611144683,0.9990913044606246,0.998729538749281,1.0006387547962439,1.000712140824048,1.0008295107093799,1.001015794313694,1.000319046133144,0.0005438814890860982,0.000455122264270324,0.00044414934678703113,0.00043466196817561567,0.0004293578858868403,0.0004690186121491866,0.00045692732622079467,0.00045824159234366985,0.00048293861999242717,0.0005178574501943344
83,ibh720jtq_flt.fits,2012-01-27T21:50:49.000,2455954.410289352,100.651947,3.0,G141,0.9997001845003141,0.9994113090442047,1.0001282368960176,0.9997384790436694,1.0000956590319856,0.9991680562849641,0.9997614390529133,1.0012439210107782,1.0016023460616512,1.0012977002677794,0.0005507279605283544,0.0004578380437402679,0.00044476020754447416,0.0004346316923847183,0.00042923180494659893,0.0004688568150260753,0.0004565580627202703,0.00045779563064046557,0.0004827297579357293,0.000518229583094276
84,ibh720khq_flt.fits,2012-01-27T21:52:48.000,2455954.4116666666,100.651947,3.0,G141,1.0000515678956956,1.0002475523145298,1.0004429382068352,1.0008580431573693,1.0008683792606714,0.9999963833714403,1.0004671754268233,0.999682254448547,0.9998566332124044,0.9993872110492253,0.0005456024738844566,0.00045655199535969926,0.00044469098269096997,0.0004347641935039705,0.00042962640354296587,0.00046926082744286525,0.0004565402551638283,0.00045747545369004657,0.0004823468148144289,0.0005174549746207229
85,ibh720j0q_flt.fits,2012-01-27T21:54:47.000,2455954.4130439814,100.651947,3.0,G141,1.0008705549394856,1.0000669693354858,0.9990842496985488,1.0005554334709714,0.9986379756988962,1.000308167915403,1.0006242897893662,1.0005481501606976,1.0013557181538242,0.9995029225863897,0.0005460867093830553,0.00045539646499218755,0.00044375724666002614,0.00043418229425914144,0.00042901252262308716,0.0004686764760155452,0.00045636796450106246,0.0004577156306501528,0.00048288261762365395,0.0005176460603696402
86,ibh720k4q_flt.fits,2012-01-27T21:56:46.000,2455954.414421296,100.651947,3.0,G141,0.9999906674875134,1.0011250198803223,0.9997524266701806,0.9996808907733029,0.9988582854148983,1.000069642709956,1.0004260622933612,0.9976114227274472,1.0008887150769927,0.9986763327452043,0.0005447881613067754,0.00045615802140142503,0.0004445631011026409,0.00043443702922740015,0.0004293044827049938,0.0004689795272623955,0.0004564038541278925,0.00045752244352753255,0.0004824611430996026,0.0005179852164483189
87,ibh720kvq_flt.fits,2012-01-27T21:58:45.000,2455954.415798611,100.651947,3.0,G141,1.000780630159263,1.0009437307033795,1.0008814002046718,1.0010799782356672,1.001139283008042,0.9999576077786192,1.0006342761013474,1.00174361141212,1.0001775795101888,1.0010348090588206,0.0005455799381341967,0.00045452216544556644,0.0004436165165827221,0.00043452980436740625,0.0004292713964637572,0.0004688651415304295,0.0004565074599626988,0.00045757211148598755,0.0004823944024672097,0.0005179106556461777
88,ibh720ibq_flt.fits,2012-01-27T22:00:44.000,2455954.417175926,100.651947,3.0,G141,1.0001823146137658,1.0011724632096068,1.001798788063989,1.0009514423720651,1.001265632789591,0.9998425070937983,1.0013091219241639,1.0005504507238694,1.0017732807992967,0.9997105411419354,0.0005466653558142015,0.00045931217201001644,0.00044606424067266835,0.00043451598965047264,0.00042914641901098643,0.0004690124688278054,0.0004566662716659434,0.00045790481061412967,0.00048276985993005574,0.0005175572957734906
89,ibh720jrq_flt.fits,2012-01-27T22:02:43.000,2455954.4185532406,100.651947,3.0,G141,1.001614014801859,0.9996157561210007,1.0012100852542565,0.9992398698584649,0.9991986721998409,1.0004655091112458,1.0001117384884817,1.0017316946748631,1.0013713279734144,1.0006350420443517,0.0005448791206184815,0.000456934536002312,0.0004448756444178029,0.00043458809538612843,0.00042931177770609444,0.00046908628496071086,0.0004566875070009613,0.000457720045070405,0.00048264936772588347,0.0005182969757834439
90,ibh720kcq_flt.fits,2012-01-27T22:04:42.000,2455954.4199305554,100.651947,3.0,G141,1.0027756681554,0.9994863649755749,1.000507033011247,1.0007205503033718,1.0017661058742255,1.0023121056275222,0.9999963481568971,1.0007918082578704,1.0021620650711582,1.0027906510688847,0.0005502383932955882,0.00045581514874889345,0.0004440395827159791,0.0004351361889823073,0.0004298310060888014,0.00046919745544080895,0.00045649360210460953,0.0004575278523504314,0.0004826900501022032,0.0005185876103120246
91,ibh720iwq_flt.fits,2012-01-27T22:06:41.000,2455954.42130787,100.651947,3.0,G141,1.0017078435229745,1.001848413084364,1.0006988672063206,1.0015311439760215,1.0012141979450975,1.0016499929521394,1.0010723589653399,1.0010149689750925,1.0024921417621855,1.001124777082758,0.0005501715565765617,0.0004543797503930726,0.00044315931682036496,0.0004346656708426006,0.00042920996413660687,0.0004687221146513942,0.0004565989142866096,0.0004579090878407487,0.00048286061627362864,0.0005182768037477873
92,ibh720jgq_flt.fits,2012-01-27T22:08:40.000,2455954.422685185,100.651947,3.0,G141,0.9997934657997601,1.0009516178736133,1.0006334543277622,0.9996064474427475,1.000058070616763,1.0007034361863614,1.0006610330905499,1.000882695542347,1.0031065710297882,1.000218657851894,0.0005467936489047414,0.0004564416596671814,0.0004446632500171537,0.0004347739765214972,0.00042936602525045123,0.0004689486708935912,0.0004567215523275873,0.0004581176541266647,0.00048322934417023664,0.0005181382275322568
93,ibh720j6q_flt.fits,2012-01-27T22:10:39.000,2455954.4240625,100.651947,3.0,G141,0.9989946836503506,1.0000240122033486,0.9999096842683919,1.0015330037810743,1.001345909250303,1.0007604464974047,1.0013935914666077,1.000892854178677,1.0008860936740067,1.000493371666424,0.0005446655556762762,0.0004561355824542002,0.00044475505725461356,0.0004347653502295317,0.0004294298489295328,0.0004691069178650263,0.0004568752364807322,0.0004578890874737285,0.0004824990890649837,0.0005180610458591483
94,ibh720ioq_flt.fits,2012-01-27T22:12:38.000,2455954.425439815,100.651947,3.0,G141,1.0001317341231135,1.0012168466932863,1.0008514417622583,1.001231739881101,1.001410368548011,1.0006352199475743,1.0006143242697252,1.0017796419390397,1.0000195478967773,1.0009930729292975,0.0005495112348446279,0.0004566396595182959,0.0004447698377037982,0.0004351794419119228,0.00042945678619071874,0.0004688554443898458,0.000456777842948763,0.00045803253891382403,0.0004828402248449735,0.0005182610078917124
95,ibh720k2q_flt.fits,2012-01-27T22:14:37.000,2455954.42681713,100.651947,3.0,G141,1.0000093325124868,1.0010434908872212,1.0009028943405185,0.9996023253546495,1.0004050658451382,0.9996341435579681,1.0026280004669723,1.0013377387511417,1.0014745018122548,1.0019561486065414,0.0005454388482414658,0.00045881838605143225,0.00044565416922165717,0.00043406443636534594,0.00042905877837393655,0.00046919344164332024,0.00045675167086015706,0.00045789874395596615,0.0004829296092518449,0.0005189318249138087
96,ibh720knq_flt.fits,2012-01-27T22:16:36.000,2455954.4281944446,100.651947,3.0,G141,0.998943626287994,1.0006868461731213,1.0018070072772844,1.000759582359803,1.001114986219489,1.0012818117254976,1.001431788074662,1.0010754633128935,1.0028916706374282,1.000678563370198,0.0005451372704858548,0.0004586619458817602,0.0004457062500783783,0.0004343189925634382,0.00042925525159667055,0.0004693406767512841,0.00045715561843069847,0.0004581300654232453,0.0004826666812226138,0.0005182277677144161
97,ibh720jjq_flt.fits,2012-01-27T22:18:35.000,2455954.4295717594,100.651947,3.0,G141,1.0005694163313432,1.0010685764938094,1.0012951273000055,1.0005891495361385,1.0007127585498026,0.9999528681939607,1.0000424604192106,1.002033033248464,1.0006480563785969,1.0016395486583096,0.0005466435808534042,0.0004566736105962843,0.00044475609521163576,0.000434758397410687,0.00042935229664714666,0.00046887257515794916,0.0004563121992467797,0.00045760876266964025,0.0004830838947566575,0.0005179679483336988
