,file name,Time (UTC),Time,Exp Time,orbit,Filter,15.000um Flux,25.500um Flux,36.500um Flux,47.500um Flux,58.500um Flux,69.000um Flux,79.500um Flux,90.500um Flux,101.500um Flux,112.500um Flux,15.000um Error,25.500um Error,36.500um Error,47.500um Error,58.500um Error,69.000um Error,79.500um Error,90.500um Error,101.500um Error,112.500um Error
0,ibh720i6q_flt.fits,2012-01-27T16:43:33.000,2455954.1969097224,100.651947,0.0,G141,0.9901178051649168,0.9909945567208912,0.9910907463427729,0.990496991780821,0.9914764718176865,0.9903037760038979,0.9891889146811168,0.9886809233048118,0.9894431674271325,0.989939128788283,0.0008038996474932639,0.0007950795377564058,0.000753516067017691,0.0007522037975483002,0.0007444664426052388,0.0008194505665913346,0.000786497009118709,0.0007898484523620766,0.0008145929412439319,0.0008523698635429648
1,ibh720i7q_flt.fits,2012-01-27T16:45:32.000,2455954.198287037,100.651947,0.0,G141,0.9930899038399558,0.9938995238903039,0.9955766054245714,0.9951262999605934,0.9939442462413061,0.9942781320775278,0.9944587230060672,0.9934065570353985,0.9932636402968548,0.9945032735270105,0.0008034628487101327,0.000795579394590633,0.0007543902061792126,0.0007531233290836272,0.0007451544229078998,0.000820268384509937,0.0007876169618739249,0.0007909580098674885,0.0008152382206526399,0.0008529265039446451
2,ibh720i8q_flt.fits,2012-01-27T16:47:31.000,2455954.199664352,100.651947,0.0,G141,0.9977139179074423,0.9938439153675024,0.997259213875889,0.9968757617038418,0.995474162388766,0.99635476702065,0.9960383615767953,0.9956016642342981,0.995356949860511,0.9964527844136051,0.0008060329714870458,0.0007963253722440613,0.000755133374379189,0.0007536387495538396,0.0007455227655354854,0.0008205741010206477,0.0007878793689149792,0.0007913152605246644,0.0008156175969781128,0.0008525855553108078
3,ibh720i9q_flt.fits,2012-01-27T16:49:30.000,2455954.201041667,100.651947,0.0,G141,0.9951116513071336,0.9957096215806234,0.997914007204362,0.9970230780185876,0.9971620740326105,0.9966619660468092,0.9973107805399745,0.9950619408011403,0.9955431526255732,0.9967066146792221,0.0008064196623841481,0.000797388515690868,0.0007546375362592006,0.0007529430403020781,0.0007454136779804763,0.0008206300439509758,0.0007876815794972375,0.0007909365730002039,0.0008150622742378419,0.0008525988739550591
4,ibh720iaq_flt.fits,2012-01-27T16:51:29.000,2455954.2024189816,100.651947,0.0,G141,0.9984010093373779,0.9979490639531602,0.9986270492068013,0.9980096364974573,0.9969742114089416,0.9970806672345766,0.9975718166744914,0.9954769076793671,0.9976740893334487,0.9986197309759415,0.000803460155375961,0.0007951907344191582,0.0007545013449495791,0.0007533557171549607,0.0007453209867337851,0.000820180552452809,0.000787280911894095,0.0007906732999437637,0.0008150207497316256,0.0008524902242006545
5,ibh720ibq_flt.fits,2012-01-27T16:53:28.000,2455954.2037962964,100.651947,0.0,G141,0.9981322573678738,0.9972297577607419,0.9996785122414237,0.9994344481312212,0.9985510031535428,0.9982706859528808,0.9973510765642444,0.9988602370818733,0.9985815472419123,0.9978437713772421,0.0008082425682820082,0.0007992293957342923,0.0007547319248658328,0.0007521198769081234,0.0007448892570869849,0.0008206788917893334,0.0007879962869128099,0.0007912403897958418,0.0008152669750741955,0.0008522716425174991
6,ibh720icq_flt.fits,2012-01-27T16:55:27.000,2455954.205173611,100.651947,0.0,G141,0.9978417724730099,0.9985565331604558,0.998058042745479,0.9996713849751917,0.9974434938294163,0.9991772317515786,0.9985966059783287,0.9978609423002701,0.999162123463902,0.9987703951216347,0.000804864158732639,0.000795457361376256,0.0007542258677711075,0.000753021337448767,0.0007451765026906179,0.0008203166977327657,0.0007874185165912177,0.0007907362213693085,0.000815157635701028,0.0008522560194214441
7,ibh720idq_flt.fits,2012-01-27T16:57:26.000,2455954.206550926,100.651947,0.0,G141,0.9997090396595794,0.9986617699949227,0.9983313396614968,0.9983137122791517,0.998227101592125,0.9992078113337589,0.9986871850528396,0.9966290883241214,0.9973975486746818,0.998180346502127,0.0008042404100500998,0.0007949806208365277,0.0007538422484158351,0.0007527952055135262,0.0007451405739952072,0.0008202886161076464,0.00078726477200696,0.0007903772410841324,0.0008146071300974917,0.000851733864870076
8,ibh720ieq_flt.fits,2012-01-27T16:59:25.000,2455954.2079282408,100.651947,0.0,G141,1.0002043503885278,0.9985515432659092,0.9988624647334924,0.9986268989657071,0.998334326293763,0.9985220005274246,0.9978930906453365,0.9986080328993913,1.0000836481802493,0.9970798937917954,0.0008048011549067732,0.0007949299410753949,0.0007537092801726643,0.00075264287345206,0.0007449049971456094,0.0008201765347097893,0.0007877133349686771,0.0007913325382148572,0.0008155491898488073,0.0008525589137980169
9,ibh720ifq_flt.fits,2012-01-27T17:01:24.000,2455954.2093055556,100.651947,0.0,G141,0.9981739950989159,0.9994287934120222,0.9995153411137176,0.9991976644091592,1.0009752719692782,0.9993265128786527,0.9987329112931682,0.9967713127713619,0.9978750407777149,0.99821080860719,0.0008064430029404119,0.0007970965369430245,0.0007552461493283686,0.0007536737336610911,0.0007455669735966367,0.0008206307517855424,0.0007873924274348037,0.0007904929320203133,0.0008149267210334425,0.0008519469443646946
10,ibh720igq_flt.fits,2012-01-27T17:03:23.000,2455954.2106828704,100.651947,0.0,G141,0.998653521786023,0.9994725313323731,0.9984663851491277,1.001110412265137,0.9988334148641244,0.9988949389168269,0.999237611045178,1.000187693277714,0.9979167847821016,0.9997923375997874,0.0008043066757998867,0.0007940666197729471,0.0007544251611807192,0.0007536694303283063,0.0007454155145933987,0.0008203705333558978,0.0007879211111626114,0.0007915282687922295,0.0008154462303914251,0.0008519106605706963
11,ibh720ihq_flt.fits,2012-01-27T17:05:22.000,2455954.212060185,100.651947,0.0,G141,1.0003944627777475,1.0009583434608755,0.9993129033108378,1.0002671146410789,0.9991614966231627,0.999973010555468,0.9993141302975258,0.9990032353539497,0.998530348684567,0.9996787004417772,0.0008082087744428819,0.0007990971164903336,0.0007554282876510222,0.0007530099397637599,0.0007454429995699045,0.0008209168175823434,0.0007878951271792716,0.0007909952050976644,0.0008152695486562181,0.0008523331536100993
12,ibh720ijq_flt.fits,2012-01-27T17:07:21.000,2455954.2134375,100.651947,0.0,G141,0.9992460270876885,0.9991915708839422,0.9992357356416145,0.999897345723952,0.9993026420506015,0.9998339589230345,0.9999246125871517,1.0002839552348093,0.9979556636511966,0.9997595150770204,0.0008056679678623659,0.0007961498080512337,0.0007547247967198669,0.0007534195701368372,0.0007454344141448284,0.0008207348454084911,0.0007881862378338923,0.0007915437301929028,0.0008152305356135225,0.0008521647070421829
13,ibh720ikq_flt.fits,2012-01-27T17:09:20.000,2455954.2148148147,100.651947,0.0,G141,0.9997768768407794,1.0011746063801779,1.000068051137064,0.9987851621572045,0.9995700323713904,1.0006074403803362,0.9990726378724898,0.9993133447798155,1.0007431703466243,0.9996391517894301,0.0008047981986708759,0.000795205797298279,0.0007546928318045191,0.0007536076947253484,0.000745618871624138,0.0008207355478164963,0.000787755532826399,0.0007910196521717312,0.000815451379461157,0.0008524409964870385
14,ibh720ilq_flt.fits,2012-01-27T17:11:19.000,2455954.2161921295,100.651947,0.0,G141,1.0013728303276226,0.9995701544434826,0.9990793318407337,1.0004140246768713,1.0006131284214554,0.9988976628225937,0.9988966490627965,1.0009028734045688,0.9993884376245423,0.9990480089600994,0.0008051955824450621,0.0007946404711407206,0.0007537787418561831,0.00075279567335325,0.0007452912425722789,0.0008206856986805969,0.000788069455968169,0.0007912253377848225,0.0008150797828511495,0.0008520700917847667
15,ibh720imq_flt.fits,2012-01-27T17:13:18.000,2455954.2175694443,100.651947,0.0,G141,1.001661684434143,1.0009705966629612,0.9998268921436806,1.0012841506764074,1.0002814288891366,1.0012993998383377,1.002040289067003,1.0000584826914778,0.9996920574508055,0.9994727531191409,0.0008077074276614007,0.0007969138425254893,0.0007557485627985396,0.0007543030398401004,0.0007461102590003707,0.0008213489473677492,0.0007886309068349019,0.0007918049110810912,0.0008155467975799059,0.0008524623216603349
16,ibh720inq_flt.fits,2012-01-27T17:15:17.000,2455954.218946759,100.651947,0.0,G141,0.9999632743993956,1.0008432898471207,0.9984209773868723,0.9993028164854292,0.9995443975779491,0.9995461170488408,0.9999311349970851,1.0007692628321854,1.0000722653546152,0.9998178585097682,0.0008045327214033429,0.0007947163301672334,0.0007539000978102748,0.0007528016486068455,0.0007450613057584615,0.0008205277115033237,0.000788149487959598,0.000791738912810679,0.0008159346284785819,0.0008527365722097369
17,ibh720ioq_flt.fits,2012-01-27T17:17:16.000,2455954.220324074,100.651947,0.0,G141,1.001510886332149,0.9989071879425415,0.9995402618506309,1.0004265725426134,0.9994026993518799,0.9989092752481666,1.0008441228012561,0.9992007710708134,0.9985039566983057,1.0004371796750386,0.0008054254856147092,0.0007957600828058975,0.0007547603537118012,0.0007536072817789013,0.0007455585955385882,0.0008207889753092542,0.0007881945505301324,0.000791802384290221,0.0008162192313651203,0.00085334995749791
18,ibh720ipq_flt.fits,2012-01-27T17:19:15.000,2455954.2217013887,100.651947,0.0,G141,0.999958584437812,1.0000040250663977,0.999094546708076,0.9998558629209489,1.00028909529032,1.0014012401034142,0.9993026409874619,1.0009816995836933,0.9997427783918055,1.0011267906201875,0.0008040229705016512,0.0007956122052085666,0.0007542827920692125,0.0007531790106007358,0.0007457289357117351,0.0008211731176823091,0.0007882997946207374,0.0007915048518300397,0.000816023752534322,0.0008533453478432582
19,ibh720iqq_flt.fits,2012-01-27T17:21:14.000,2455954.2230787035,100.651947,0.0,G141,1.0008846132046227,0.9996571233523287,1.0011805941030334,1.0010625137068112,1.0004029435653206,1.0012331279136133,1.0017665298309495,1.0008669244072663,1.0004134227808186,0.9995185638215731,0.0008047798015559408,0.0007945092793233008,0.0007548742182054152,0.0007541256397482684,0.0007458855742042139,0.0008212623210718574,0.0007889744640962441,0.0007925441283349757,0.0008161248216870923,0.0008525436648965263
20,ibh720irq_flt.fits,2012-01-27T17:23:13.000,2455954.2244560183,100.651947,0.0,G141,1.0002080201074461,1.000779855780559,1.0006662829167168,0.999607469523477,1.0000343638979172,1.0008745694430867,1.000038494775217,0.9999340817232171,0.9995843972683203,1.0008171725755899,0.0008081861021883049,0.0007935336566569872,0.000754480454638317,0.0007541957734803382,0.0007457103305999603,0.0008206769048139774,0.000788060255662874,0.0007915616660515765,0.0008158055558869118,0.0008525456274908177
21,ibh720isq_flt.fits,2012-01-27T17:25:12.000,2455954.2258333336,100.651947,0.0,G141,1.001931264750351,0.9995988858621888,0.9992849647044959,1.0017403834043983,1.0004010887706811,1.0001916409311207,1.0010729686316266,1.0001272119921192,1.0016198741817754,1.001013776606177,0.0008066916008160132,0.0007964778726694202,0.000754539923023416,0.0007531672892208153,0.0007455678600328792,0.0008208266607875927,0.000787862078891729,0.0007911967763251076,0.0008161299620198395,0.0008538782845244525
22,ibh720itq_flt.fits,2012-01-27T17:27:11.000,2455954.2272106484,100.651947,0.0,G141,1.0010472793439626,1.0004351599316141,1.0021933034563941,1.0016697017976188,1.001246742092763,1.0016825759435741,1.0012157233137051,0.9995260008189678,0.9994960722330509,0.9991116357371256,0.0008057288434816354,0.0007966365945700089,0.0007555172063471797,0.0007542253586143736,0.0007463725411695894,0.0008216516100497742,0.0007886124140071894,0.0007915866067543029,0.0008155271149840455,0.000852463349445842
23,ibh720iuq_flt.fits,2012-01-27T18:19:22.000,2455954.2634490742,100.651947,1.0,G141,0.9977788808956399,0.9962432430168507,0.9965382278907817,0.9985178350703585,0.9966853194053626,0.996436825953597,0.9978525559266209,0.9958744847034647,0.9973217799056546,0.9966150931910424,0.0008063635852636923,0.000797287662983714,0.0007555982503592136,0.0007542314640203748,0.0007464655861815164,0.0008219143846564921,0.0007892513173938081,0.000792892069007574,0.000817027295365362,0.0008541549541764583
24,ibh720iwq_flt.fits,2012-01-27T18:21:21.000,2455954.264826389,100.651947,1.0,G141,0.9997920453784862,0.9994843594917855,0.9996083420575569,0.9971215550547584,0.9977694443323465,0.9996614668677033,0.9996589983808276,0.998824613056055,1.0008216215340442,1.0002336238397136,0.0008070149068282095,0.00079509116216963,0.0007551647358672359,0.0007546038214824333,0.0007463323645847994,0.0008215301373333936,0.000789216322733311,0.0007932222090382436,0.000817680454548811,0.0008552925592660073
25,ibh720ixq_flt.fits,2012-01-27T18:23:20.000,2455954.266203704,100.651947,1.0,G141,1.0013319492120325,0.9979147090305849,0.9989230799594027,0.9997826594258477,0.9994117355910088,1.000026989444532,1.0000261406518334,0.9996355985271413,0.9988661054847292,0.9997995477651952,0.0008115208506092861,0.0008011351124479192,0.0007556994689954176,0.0007530978308123118,0.000746359413544443,0.0008224566105767739,0.0007896097763737226,0.0007926464082205605,0.0008167167205176545,0.0008538916642126669
26,ibh720iyq_flt.fits,2012-01-27T18:25:19.000,2455954.2675810186,100.651947,1.0,G141,1.0001055595399893,0.999626457514263,0.9989680272964573,0.9989649869210021,1.0012116337766466,1.001513747868401,0.99986738288712,0.9995062002498464,1.0004408381476984,1.0004096147448338,0.0008060734240275191,0.0007959190123211808,0.0007544911749771902,0.0007538286674996187,0.0007467406262576813,0.0008221629529709017,0.000788959104162653,0.0007920605761846716,0.0008167489251695282,0.0008545354531249898
27,ibh720izq_flt.fits,2012-01-27T18:27:18.000,2455954.2689583334,100.651947,1.0,G141,1.0003565487687556,1.001223290223422,0.9983877514940445,1.000082234416712,1.0000326540678428,0.9996455157590842,1.0003504470795168,0.9989427573693558,0.9990173945132488,1.0010874269560446,0.000804928070940267,0.0007960125783229665,0.0007541820493121997,0.0007532277704537776,0.0007460885786621805,0.0008215317008286777,0.0007882933647272183,0.0007912848221939386,0.0008156655525444886,0.0008534036773908631
28,ibh720j0q_flt.fits,2012-01-27T18:29:17.000,2455954.270335648,100.651947,1.0,G141,1.001647017287787,1.0009374404338143,1.000422430298138,1.0002410710839755,0.998929377255905,1.0005172098036108,0.9999574339156617,1.001786140048087,1.0003627687814156,1.000076467808193,0.0008066029512597231,0.0007957714547482485,0.0007544171532289412,0.0007531484197973629,0.0007450321459116856,0.0008203599860920957,0.0007882907962815236,0.0007922372457057617,0.00081658101132163,0.000853575295010237
29,ibh720j1q_flt.fits,2012-01-27T18:31:16.000,2455954.271712963,100.651947,1.0,G141,1.000483701771894,1.0020643038068537,1.0013252905225114,1.0014740323877436,0.999630971027284,1.0001839268275408,0.9997400039235166,1.0008392283773575,1.0006969708765892,1.000016278741299,0.0008046534517022698,0.0007937200646685375,0.0007548644368446699,0.0007545650789449225,0.0007461515279833958,0.0008211320121664966,0.0007883900074817348,0.0007919988153241577,0.0008162917695903604,0.0008536079166825049
30,ibh720j2q_flt.fits,2012-01-27T18:33:15.000,2455954.273090278,100.651947,1.0,G141,1.0004265382492938,0.9998096609028352,1.0003256928281021,1.0003306892173196,1.00070847004081,1.000055907382627,1.0001783639419006,1.0006174275962185,1.0008527215689196,1.0005426824027752,0.0008046700234543391,0.0007957306772473545,0.0007549056894593519,0.0007535605272426808,0.0007455565757604111,0.0008209688828439004,0.0007885904902667907,0.0007922662565975163,0.0008163371094803606,0.0008532409941934317
31,ibh720j3q_flt.fits,2012-01-27T18:35:14.000,2455954.2744675926,100.651947,1.0,G141,1.000670173615144,1.0005203322726393,1.000028024769135,1.000372508701096,1.0001272536333294,1.0017225200634925,1.0011690858701505,1.0012707102958511,1.0004475118441063,1.0019097912382504,0.000804827623039218,0.0007948456959150833,0.0007541068828107394,0.0007532485687562057,0.000745887929276041,0.0008215840693603751,0.0007889787087228406,0.0007923637906392817,0.0008165908028390545,0.000853962789026291
32,ibh720j4q_flt.fits,2012-01-27T18:37:13.000,2455954.2758449074,100.651947,1.0,G141,1.0009054126130525,1.0027345927530242,0.9981285909853639,1.0013726803179763,1.000286594487779,1.00090461240462,0.9991668993594419,1.0001908171369929,1.0011183418711107,0.9982129782581151,0.0008049308357968005,0.000792877245804635,0.0007536181753885843,0.0007533092071552276,0.0007455155706108628,0.0008208325533239179,0.0007883075625900868,0.0007915804997347953,0.0008155316902340941,0.000853025678245938
33,ibh720j5q_flt.fits,2012-01-27T18:39:12.000,2455954.277222222,100.651947,1.0,G141,1.0015898813690742,1.0017178541407679,1.0015633472335945,1.0001720126977955,1.0011857991073498,1.0015988999676788,0.9992532479588083,0.999431158671647,0.9990852371312093,1.001247497629747,0.0008047573958872266,0.0007937191928566065,0.0007543227545277447,0.0007539322148134622,0.0007460475888983086,0.0008208437273235058,0.0007875264623716936,0.0007906295034018695,0.0008150398382326016,0.0008531774786399341
34,ibh720j6q_flt.fits,2012-01-27T18:41:11.000,2455954.278599537,100.651947,1.0,G141,1.0018981730431766,0.9998439918646012,1.001228656702356,1.0013819438986813,1.0006362880998354,1.000128807399705,1.0004415882914162,1.0008665845077653,1.0011369320920376,1.001117216974237,0.0008065038859217696,0.0007971202277309345,0.0007556279512882634,0.0007538435725648213,0.0007454561244414541,0.0008207002770117592,0.0007883364797840318,0.0007920114885647712,0.0008164512152208302,0.0008534411846222312
35,ibh720j7q_flt.fits,2012-01-27T18:43:10.000,2455954.279976852,100.651947,1.0,G141,1.0002621446199114,0.9995060790502929,1.000390691887293,1.0012396555753815,0.9996215213711703,1.0019246900965988,1.0008663126758546,1.0016799265321827,1.0011039143162377,1.0016882041469162,0.0008058658317062492,0.0007956166726835003,0.0007546530752893847,0.000753362877826686,0.0007455125639537734,0.0008210644971954574,0.0007888032220623043,0.0007925615668198594,0.0008166808836656073,0.0008532184540182602
36,ibh720j9q_flt.fits,2012-01-27T18:45:09.000,2455954.2813541666,100.651947,1.0,G141,1.0020613299706937,1.0012251210503613,1.0001380830392643,1.0003915682843096,0.9996175069464698,1.000858410344275,1.000111967817562,1.0011494534522114,1.000385521085443,0.9992865740486888,0.0008088491072815603,0.0007970349471253734,0.0007552670835313737,0.0007537166608877039,0.0007455497417612726,0.0008208203005910923,0.0007885214256148387,0.000792168436843818,0.0008161596877027624,0.0008529289980134842
37,ibh720jaq_flt.fits,2012-01-27T18:47:08.000,2455954.2827314814,100.651947,1.0,G141,0.9999207624239531,1.0020978577327364,1.00065148330456,1.0001004220899556,1.0004674066079293,1.0022483951812473,1.000460937778199,0.999772766104003,0.9990463689413303,1.0003634280041647,0.0008046420924159405,0.0007943144781141494,0.0007542842629542156,0.0007536963110162405,0.0007460618582981361,0.0008212122575467588,0.0007882194201178683,0.0007913456587386957,0.0008158012080084514,0.0008531076001556982
38,ibh720jbq_flt.fits,2012-01-27T18:49:07.000,2455954.284108796,100.651947,1.0,G141,1.0009572091870262,1.0012249749459063,1.0002456409771157,1.0004389266113913,1.0006823157063953,1.0014369376959296,0.9999406100075114,1.0014549237448342,0.9987430054687955,1.000600045458557,0.0008065083614875468,0.0007962197505160169,0.0007553464787073324,0.0007542804409548521,0.0007464408524101467,0.000821495784979779,0.0007882057499771337,0.0007912411403819297,0.000815473190554382,0.0008528269399173667
39,ibh720jcq_flt.fits,2012-01-27T18:51:06.000,2455954.285486111,100.651947,1.0,G141,0.9993074571262937,1.0006942190684984,1.0005759859353605,0.9997977744889966,1.0019493946874423,1.0019955422906386,1.0017500222477522,1.000643420721376,1.0003596652656987,1.0013363954611731,0.0008083117276440729,0.0007981884028069723,0.0007552069617768796,0.0007533127838409421,0.0007461266802394889,0.000821732735812028,0.0007885174836853761,0.0007915075702422021,0.0008158343161040431,0.0008533262838590049
40,ibh720jdq_flt.fits,2012-01-27T18:53:05.000,2455954.2868634257,100.651947,1.0,G141,1.0013241966793116,0.9999260236675265,1.0000817438346914,1.0011055675280118,1.0005160668748798,1.0004518891655223,1.0003986551629365,1.0002649272123447,1.0007751261481974,1.0007910326854048,0.0008066366497097862,0.0007955088862057727,0.000754698092442006,0.0007535838216145081,0.0007455523264259681,0.0008207585087519368,0.0007881379663463517,0.0007916417450512182,0.0008158865355519367,0.000852783242802289
41,ibh720jeq_flt.fits,2012-01-27T18:55:04.000,2455954.2882407405,100.651947,1.0,G141,1.0016885440849685,0.99951338248039,1.0004108021205782,1.001317730371117,1.0004447134113252,1.0002221654089096,1.0015299318243533,1.000728677544268,1.0012004680510342,1.002314731657061,0.0008124849620386052,0.0008000969884750782,0.0007553505862844919,0.0007528841205911398,0.0007456975186996246,0.0008214533576124317,0.0007885764703720198,0.000791732021981115,0.0008160337115694071,0.0008534589246403749
42,ibh720jfq_flt.fits,2012-01-27T18:57:03.000,2455954.2896180553,100.651947,1.0,G141,1.0006860223980467,1.0009259618055235,1.0026337967924999,0.9989604539113613,1.0013526298081779,0.9996427437866009,1.0018578954370372,1.0019647361707913,1.0002724213296406,1.000936627895466,0.0008054855588068351,0.0007937963630442107,0.0007542746782327179,0.0007539610606362064,0.000746316078792812,0.0008216881422226157,0.0007888598362913782,0.0007921241349421495,0.0008162466343713424,0.0008530914313916908
43,ibh720jgq_flt.fits,2012-01-27T18:59:02.000,2455954.2909953706,100.651947,1.0,G141,1.00072894727601,1.0014925217901676,1.0017594601827504,1.0003101227069078,1.0009019748123025,1.0003448961154213,1.0022809493431348,1.0010826902364385,0.9998801517121779,1.0019761075283873,0.0008113184125931955,0.0008001339590912826,0.0007558024439870414,0.0007531433969865339,0.0007456871783797013,0.0008214064541778356,0.0007886489593845748,0.0007918942771871985,0.0008163850555056294,0.0008536528339611714
44,ibh720jhq_flt.fits,2012-01-27T19:01:01.000,2455954.2923726854,100.651947,1.0,G141,0.9991343655051418,1.0007732391912758,0.9992284551181095,0.9996251225164502,1.000525236980161,1.002512976930207,1.000572309695171,1.001485027722015,1.000376838179586,1.0003620041837173,0.0008047892383049372,0.0007931801236323915,0.0007544937330994638,0.0007544047629989108,0.0007463898138127687,0.0008215534134665262,0.0007888185940583547,0.0007920754811972548,0.0008157425194365607,0.000852587067262077
45,ibh720jiq_flt.fits,2012-01-27T19:03:00.000,2455954.29375,100.651947,1.0,G141,0.9995464789343755,1.002723478907852,1.001381426157505,0.9993041537103355,1.000675794644464,1.0010635868477895,1.0018481926291671,1.0011465302670006,1.001350900404075,1.0011495430229005,0.0008099233275929987,0.0007980067510775745,0.0007552008124907767,0.0007535332361060452,0.0007460032176018038,0.0008215271929083718,0.0007885657192759837,0.0007917160971517772,0.0008159645069211092,0.0008532404194176643
46,ibh720jjq_flt.fits,2012-01-27T19:04:59.000,2455954.295127315,100.651947,1.0,G141,1.0004705349421994,1.0035474118731786,1.000070670661833,1.000475171046551,1.0019129881843394,1.0009076130906727,1.0003141222205825,1.000578479035367,1.0009926820473969,0.99911587197246,0.0008066551281032155,0.0007955802956776778,0.00075498821614612,0.0007538383743330898,0.0007459978071371893,0.000821406086667366,0.0007886722855719778,0.0007918030930617239,0.0008157794441462122,0.00085293547905857
47,ibh720jkq_flt.fits,2012-01-27T19:06:58.000,2455954.29650463,100.651947,1.0,G141,0.9995379879646169,1.0006833571214946,1.0007727305170577,1.001654064333175,1.002458695150796,1.0018098768120425,1.0006600292154715,1.0015506110704588,1.002483547913114,1.000507238991623,0.000805931652873689,0.0007962062915593659,0.000754504640950848,0.0007532810983891488,0.0007459480905664641,0.000821642050976415,0.0007886740673082436,0.0007918115692427465,0.0008161275859362867,0.0008533851120000855
48,ibh720jmq_flt.fits,2012-01-27T19:55:11.000,2455954.329988426,100.651947,2.0,G141,0.9972741389433709,0.9964162322592298,0.9967833629104603,0.996834718068053,0.9956248984901657,0.9961935888158009,0.996218810136097,0.9963783028623517,0.997109698056436,0.997034425070932,0.0008063313825686434,0.0007976844704309447,0.0007554150733329302,0.0007536999996036099,0.0007459203021391267,0.0008214185367936388,0.0007889324303364505,0.0007924709850268035,0.0008167613510794436,0.0008541462825855584
49,ibh720jnq_flt.fits,2012-01-27T19:57:10.000,2455954.331365741,100.651947,2.0,G141,0.9991076091907557,0.9965700984392504,0.9998677605320813,0.9993298129920907,0.9988413531612429,0.9983781497366301,1.000419828129237,0.9982118980078027,0.999435751005942,0.9986164164880618,0.0008050807632220416,0.0007966870361190262,0.0007554920779994632,0.0007544677979179118,0.0007468240671941617,0.0008223259067069961,0.000789628464363899,0.0007930749849160815,0.0008172231097883412,0.0008544609996556726
50,ibh720joq_flt.fits,2012-01-27T19:59:09.000,2455954.3327430557,100.651947,2.0,G141,0.9983786329180054,0.9986426754978316,0.9978907859787919,1.000155734508341,0.9982708485659645,1.0003906570150882,0.999403535032075,0.9983748003746424,0.9999370700984708,1.000282424508386,0.0008051549305057629,0.0007952415858237976,0.0007552036218563651,0.0007543785320200578,0.0007460150133409919,0.000821147032179165,0.0007887356752708752,0.0007925547197236764,0.0008169810888001908,0.0008543897189088623
51,ibh720jpq_flt.fits,2012-01-27T20:01:08.000,2455954.3341203704,100.651947,2.0,G141,0.9996521532145641,1.0001065886649543,0.9986474266066896,1.0002295583344327,1.0000113545190223,0.9986330684068584,0.9995370287181877,0.9999415173085224,0.9997280762204768,0.9998313479093366,0.0008052725647363138,0.0007956102158046585,0.0007552764457003723,0.0007544345227499988,0.0007462701894934939,0.0008214500371480804,0.0007889232743288514,0.0007927304621816618,0.0008169329853964235,0.000853721307543079
52,ibh720jqq_flt.fits,2012-01-27T20:03:07.000,2455954.3354976852,100.651947,2.0,G141,0.9978734679706625,0.9983375013196162,0.9997669835491901,0.9989420539470566,0.998868005521609,0.9982015091174585,1.000298224666114,0.99870580227725,0.9997678626076292,0.9988077522869153,0.0008091433955915625,0.0007994262718765345,0.0007548751690341555,0.0007525702391880838,0.000745429180636669,0.0008213287093767328,0.0007884650416404213,0.0007914557462833882,0.000815395822994547,0.0008522298850475043
53,ibh720jrq_flt.fits,2012-01-27T20:05:06.000,2455954.336875,100.651947,2.0,G141,0.9997602597906128,0.9995784193184425,1.0003700207597508,0.9997934116411126,0.9989683432690556,0.9998079092613686,0.9993280276735552,0.9992002031949042,0.9991089099292878,1.0001737360353824,0.0008050729867672726,0.0007965341244290276,0.0007551386226456616,0.0007536818854138062,0.0007457273904619225,0.0008208729021259471,0.0007881333614276301,0.0007915744604566586,0.0008159498131567058,0.0008529474674710113
54,ibh720jsq_flt.fits,2012-01-27T20:07:05.000,2455954.338252315,100.651947,2.0,G141,1.0000367256006044,0.9988874679306197,0.9998036842418461,0.9986713713360972,0.9999886454809779,1.0001921291571307,0.9991020709882771,0.999245175717719,1.0001914781438621,0.9991610367561741,0.0008053231002989226,0.0007955560199867449,0.0007544712227843598,0.0007535017537734502,0.0007458101632076202,0.0008209994890975156,0.0007879421410156829,0.0007911913439143509,0.0008155069548268206,0.0008528359102910602
55,ibh720jtq_flt.fits,2012-01-27T20:09:04.000,2455954.3396296296,100.651947,2.0,G141,0.9985504016173246,0.9987159020302356,1.002370845484658,0.9986162159096966,0.9993409707596539,1.0009146378476377,1.0000381712831459,0.9991181643826964,0.9999779297280917,1.0006788139141374,0.0008086184130945981,0.0007970020979414879,0.0007555829627050525,0.0007538847124774191,0.0007453437881726721,0.0008204238476503787,0.000788188567063876,0.0007919700133674468,0.0008159479323284032,0.0008529912051515652
56,ibh720juq_flt.fits,2012-01-27T20:11:03.000,2455954.3410069444,100.651947,2.0,G141,0.9994503773354916,1.0009039152286827,1.00002181768548,0.9986735118879042,0.9995910177052272,0.9993299395824171,1.000394716099895,1.0006433315298724,0.9989507979956367,1.000007195355641,0.000805182358293131,0.000795938241092724,0.0007544548676257393,0.0007531677524221829,0.0007453369170114471,0.0008206848895956835,0.0007883999885489834,0.0007920661634674571,0.0008161175272094574,0.0008523839591439715
57,ibh720jvq_flt.fits,2012-01-27T20:13:02.000,2455954.342384259,100.651947,2.0,G141,0.998260941098815,0.9991691237834576,0.9999943742394164,0.9997120685249072,0.9993138416286933,1.0007071519262447,0.9987369490331248,0.9992098529838346,0.9972920252608662,0.9998322763650539,0.0008062766353115029,0.0007957956045850439,0.0007544223549231342,0.0007532099747042234,0.0007453538821151676,0.0008206044291424276,0.000787911932491043,0.0007912297102060381,0.0008151831840868487,0.0008521873393582276
58,ibh720jwq_flt.fits,2012-01-27T20:15:01.000,2455954.343761574,100.651947,2.0,G141,0.9997058805529013,1.0005838897383341,1.001186062196288,0.9995400143069968,1.0008338610966911,0.9986708745585378,1.000146444375395,0.9999290395906362,1.000459279622212,0.9996693636286452,0.0008046932274708592,0.0007944014421303221,0.0007543614114609639,0.0007535311858437331,0.0007456846094252001,0.0008210708903882369,0.0007884391190050267,0.0007918650524816982,0.0008159177506644972,0.0008526285785766932
59,ibh720jxq_flt.fits,2012-01-27T20:17:00.000,2455954.345138889,100.651947,2.0,G141,1.0016955660966176,1.0014379964042077,0.9983025318170761,0.9990038932694473,0.999508955843128,1.0006451730720525,0.9987078758380835,0.9998963088544027,0.9991092854055188,0.9993076175008941,0.0008064978300599668,0.0007958048950306886,0.0007541551296728815,0.0007528616593403514,0.0007453455999510438,0.0008207819061609656,0.000788113291967609,0.0007911582973404164,0.0008152198340855513,0.000852492189329672
60,ibh720jzq_flt.fits,2012-01-27T20:18:59.000,2455954.3465162036,100.651947,2.0,G141,1.000880666445039,0.9993157746333038,1.0003664358565698,1.0006177740375215,0.9991662358068566,0.9992405523052585,0.9999749410163634,1.0014971960111003,1.000193214477539,0.9999666043253664,0.0008064009578705484,0.0007961241464351485,0.0007542404728080697,0.0007530151976734778,0.0007455020934253541,0.0008210839885879782,0.0007885532556219597,0.000792010228078283,0.0008159999471241385,0.0008527924875249767
61,ibh720k0q_flt.fits,2012-01-27T20:20:58.000,2455954.3478935184,100.651947,2.0,G141,1.0012931662632993,0.999444654257632,1.0000056257605838,0.9996428426710054,0.9992320545741843,0.9995497374482856,0.9991834948879278,0.9998848851999311,0.9998895853150048,0.9993455909457999,0.0008058006015819149,0.0007962045461778871,0.0007543433847337212,0.0007527578719658005,0.0007449973838769825,0.0008205104246500764,0.0007881151784126054,0.0007918470839946957,0.0008163222790971227,0.0008529301207097745
62,ibh720k1q_flt.fits,2012-01-27T20:22:57.000,2455954.349270833,100.651947,2.0,G141,1.0002842245788097,1.0003731610393904,0.9991239796121959,1.0007142855178508,0.9999753459754237,0.9992642841544075,0.9997143933472573,0.9987735324135053,0.9995846289368646,0.999159398186197,0.0008055524477381539,0.0007947850506612744,0.0007546788537667143,0.0007536553143657278,0.0007453956606327307,0.0008204442442583518,0.0007877647048049527,0.0007911433040681583,0.0008153866473299114,0.0008525433920098392
63,ibh720k2q_flt.fits,2012-01-27T20:24:56.000,2455954.350648148,100.651947,2.0,G141,0.9994015833761982,1.0002942843060707,1.0003215494244917,0.9990455900723836,0.998727573911015,0.9989795896364747,1.0008694138301586,0.9995862288469607,1.0008857980072638,1.0006752982963698,0.0008078244722170796,0.0007976291202657361,0.0007545245827601489,0.00075241824540642,0.0007451235384096726,0.0008208058470623685,0.0007881101602737786,0.0007915704531331119,0.0008158646854876588,0.0008531471673865427
64,ibh720k3q_flt.fits,2012-01-27T20:26:55.000,2455954.352025463,100.651947,2.0,G141,0.9997671259918369,1.0005872671330938,0.9999468765048724,1.0005196142829467,0.9992173446933025,0.9994588533470877,1.000248394892617,0.9999206345861877,1.0000220702719083,1.0011815260866004,0.0008091907370663588,0.000798559024922168,0.0007547803321846458,0.0007525647393612676,0.0007452233644858996,0.0008208684271492687,0.0007882529413527432,0.0007918773567976664,0.0008163415414405734,0.0008533693919776693
65,ibh720k4q_flt.fits,2012-01-27T20:28:54.000,2455954.3534027776,100.651947,2.0,G141,0.9985462706047441,0.9996688780561211,1.0011036211552435,0.9992950484642521,1.000258227928518,1.0007891261423985,1.0003161906848703,1.0003555136773006,1.0009475321460575,1.0012603218287286,0.0008077628752215196,0.0007934722451203834,0.0007541823050104603,0.0007539375496550854,0.0007459799674031086,0.0008211573300760752,0.0007884736561801129,0.0007920341478577093,0.0008164656768609432,0.000853347044968615
66,ibh720k5q_flt.fits,2012-01-27T20:30:53.000,2455954.3547800924,100.651947,2.0,G141,1.000784859536784,0.9997257161698766,0.9996942794603788,0.9992172527073152,0.9999548834878113,0.9999063590548699,1.0003401097979565,0.99864673061402,0.9986591514039469,0.9986792546998096,0.0008057186109344814,0.0007950673544394975,0.0007543556401332452,0.0007533983293924834,0.000745549232250659,0.0008206246783702914,0.0007880816362824825,0.000791418817885368,0.0008155466038960644,0.000852369615939222
67,ibh720k6q_flt.fits,2012-01-27T20:32:52.000,2455954.3561574076,100.651947,2.0,G141,1.0002310606902272,0.999993185840592,1.0004874722473243,1.0003713896487858,1.0010557349522529,0.999280478205877,0.9994145245095886,1.0002216114473323,1.0000299163577229,0.9991633741305592,0.0008100250550207816,0.0007997706988595668,0.0007555684833964313,0.0007531196788104876,0.0007454741396854863,0.0008210079215762299,0.0007883435066169172,0.0007917233963899713,0.000815755920961866,0.000852525101869369
68,ibh720k7q_flt.fits,2012-01-27T20:34:51.000,2455954.3575347224,100.651947,2.0,G141,0.9990725362853231,1.0007456605690472,0.9986276706142606,1.0003293812847651,1.0007875358818301,1.0000698327144786,0.9999361496609569,1.0009068322487766,0.9994416887131068,0.999909146724226,0.0008110066864658092,0.0007994655827653349,0.0007546959694328262,0.0007523189244749205,0.0007457096803608849,0.0008218157021317073,0.0007888900913079111,0.0007917258599579493,0.000815777044700697,0.0008528676128448472
69,ibh720k8q_flt.fits,2012-01-27T20:36:50.000,2455954.358912037,100.651947,2.0,G141,1.000517010867726,1.0010365110519563,1.0006628931855066,0.9996671532905553,0.997963604881065,1.0005089416087727,1.0000250010089855,0.9993257994717908,0.9989108780879082,0.9992440147650744,0.0008082030436574883,0.000793080207474205,0.0007545739046210455,0.0007542014758495047,0.0007452145409356999,0.0008198887429812408,0.0007879230891990921,0.0007919567449326994,0.0008158272578233714,0.0008520129196201401
70,ibh720k9q_flt.fits,2012-01-27T20:38:49.000,2455954.360289352,100.651947,2.0,G141,1.0019494232465431,1.0009838075044308,1.0015218110114734,0.9989214734588502,1.001256624313344,0.9994473658211377,0.9998085289727907,0.9980296501472912,0.9978529710982427,1.0002596423023433,0.000805860905993462,0.0007952663639343466,0.0007546902205606465,0.0007540297521993625,0.0007466178391686707,0.0008216878980952993,0.0007879771789728576,0.0007906175687255024,0.0008151013415050486,0.000852550343211845
71,ibh720kaq_flt.fits,2012-01-27T20:40:48.000,2455954.361666667,100.651947,2.0,G141,1.0004998081184497,1.0005452220791438,1.000116334796511,1.0001791582839452,1.0010425391572642,1.0005495666746573,1.000284149957194,0.9990882440327559,1.000882277847636,0.9998590018536366,0.0008122392392090551,0.0007978634344204943,0.0007548971733057587,0.0007532210251977947,0.0007456085208067112,0.0008209483201258961,0.0007880133980122632,0.0007912640837483419,0.000815666733988259,0.0008528847635101887
72,ibh720kcq_flt.fits,2012-01-27T20:42:47.000,2455954.3630439816,100.651947,2.0,G141,0.998970244433763,1.0009678155146204,1.0006854338026787,1.001014184635719,1.0003449890469955,0.9995057331744225,0.9992794421915477,1.0009982877496568,0.9994214910859279,0.9996708872849293,0.0008063926504077531,0.0007938663798153525,0.0007551705685856682,0.0007549193925855748,0.0007462003741759985,0.0008208585627899793,0.000788088546510173,0.0007915255374061358,0.0008155699848801705,0.0008524563248102767
73,ibh720kdq_flt.fits,2012-01-27T21:30:59.000,2455954.396516204,100.651947,3.0,G141,0.995832759420749,0.9983303469867426,0.9952083236562947,0.9953635886600477,0.9956070642416991,0.9972784219537322,0.9977838230723207,0.9954325577948554,0.998449747170538,0.997119161878507,0.0008052911547705727,0.00079626096794871,0.0007547426375850811,0.0007536763382204663,0.000746252886879239,0.0008219782527586493,0.000789597028194407,0.0007931999595033005,0.0008174673404758283,0.0008547865075708356
74,ibh720keq_flt.fits,2012-01-27T21:32:58.000,2455954.3978935187,100.651947,3.0,G141,0.9976841147333313,0.998922874686052,0.9988689681775073,0.9981569545442165,1.000155816988861,0.9991878731276294,0.9994280648866616,0.9978410267561112,0.9986325600151941,1.0000982533693517,0.0008084394447703106,0.0007995112876411645,0.0007562635766590017,0.0007546787831535248,0.0007473167741451526,0.0008226785522694364,0.0007892458568390954,0.0007921182276950093,0.0008169885038614049,0.0008557270010680164
75,ibh720kfq_flt.fits,2012-01-27T21:34:57.000,2455954.3992708335,100.651947,3.0,G141,0.9973476061765371,0.9993656386632671,1.000056135260604,1.0000956625183652,0.9988088412713548,0.9990649971705294,0.9994561382843783,0.9998922557353781,1.0000599157495975,0.9996542882401075,0.0008067875105210837,0.0007983523488262732,0.0007562330074023973,0.0007546421249058828,0.000746694161074575,0.0008220251186905746,0.0007892589407532962,0.0007927154628819528,0.0008170498634785382,0.0008541803494038357
76,ibh720kgq_flt.fits,2012-01-27T21:36:56.000,2455954.4006481483,100.651947,3.0,G141,0.9998172314632309,0.9999959749336023,0.9982638799653669,0.9999726336034802,0.9996177389504834,0.9987662733038881,0.9997782945072669,1.0001900325259856,0.9987290992715502,0.999464340134573,0.0008062847219595055,0.0007970862790892348,0.0007551047490506799,0.0007536441258328629,0.0007459467867462031,0.0008213938658854074,0.0007888352257908515,0.0007922733048039767,0.0008164390060818245,0.000853495551587354
77,ibh720khq_flt.fits,2012-01-27T21:38:55.000,2455954.402025463,100.651947,3.0,G141,0.9995645242597986,0.9993339557279849,0.9992182604807989,0.9995461496430748,1.0012851203605186,1.0000879430916747,0.9999359960027395,0.999733544361469,0.9995132662108611,0.9999595196887047,0.0008063961205955157,0.000797260970882164,0.0007546610687714042,0.0007533293545184827,0.0007460435134831898,0.0008215235453627518,0.0007883832719431884,0.0007914482694570608,0.0008156921354064075,0.0008527958835231026
78,ibh720kiq_flt.fits,2012-01-27T21:40:54.000,2455954.403402778,100.651947,3.0,G141,0.9986585154779891,1.0005144602668161,0.9997562365819177,1.000595346102001,0.9995453181871902,0.9996797278490879,0.9980257888675511,1.0002701448512805,0.9987089468595863,1.0000052582974193,0.0008071727013893932,0.0007963544150022821,0.0007547206085475216,0.000753414290729174,0.0007453423854199476,0.0008205455976258952,0.0007881621007186867,0.0007916552826720822,0.0008156108953149104,0.0008524137593186818
79,ibh720kjq_flt.fits,2012-01-27T21:42:53.000,2455954.4047800926,100.651947,3.0,G141,1.0002432176930518,1.0002902179219115,0.9988582782856817,0.9993074883916135,1.0004362825909763,0.9998764160213128,1.000284692400362,0.9995865048127089,0.999731032303735,1.0000600293413555,0.0008049061991195736,0.0007953798306378302,0.0007540150594350413,0.0007530251343320154,0.0007456487941442428,0.0008210101496011629,0.0007882966112954446,0.000791579732775414,0.0008155995172853002,0.0008522622426978424
80,ibh720kkq_flt.fits,2012-01-27T21:44:52.000,2455954.4061574074,100.651947,3.0,G141,0.9993569102678713,0.9991929811841525,0.9993249719576865,1.0010789630268215,1.001353727796999,0.9999275971475536,0.9993464397860121,0.9995437083960143,1.0000252525441964,0.9999947417025805,0.0008046380507466446,0.0007953573112850243,0.0007550171321478632,0.0007540468773427745,0.0007460394005000438,0.0008211488666924379,0.0007883494967187019,0.0007915881321711099,0.0008158458228220642,0.000853117949610873
81,ibh720klq_flt.fits,2012-01-27T21:46:51.000,2455954.4075347222,100.651947,3.0,G141,1.0020090186460326,1.0008170194668016,1.000129801051684,1.0003089363923061,0.9986216334242551,0.9982852018032541,1.0006395295321853,1.0021688036546446,0.9984866516908396,0.9990164653573139,0.0008101156031742612,0.0008004920162010435,0.00075597835432046,0.0007529465446555797,0.0007450909805114333,0.0008207478094083784,0.0007886154815769477,0.0007922470029827322,0.0008162678212724048,0.0008518880280743975
82,ibh720kmq_flt.fits,2012-01-27T21:48:50.000,2455954.408912037,100.651947,3.0,G141,0.9995909594303668,0.9988337410544345,1.0001172936502634,0.9981172077958342,0.9988109035039012,1.001245176475696,1.0002494010944167,1.0006551971828528,1.0011549255112646,1.0011812082942046,0.00080466289787286,0.0007954637752508195,0.0007548736464742092,0.0007539235000928756,0.000745865773493211,0.0008211021039634582,0.0007888445253955357,0.0007926244842848245,0.0008168237517012386,0.0008533690666922773
83,ibh720knq_flt.fits,2012-01-27T21:50:49.000,2455954.410289352,100.651947,3.0,G141,0.9992523233676175,0.9989380678978992,0.9994622527242827,1.0004954875470218,1.0002119840323103,0.9992825115327999,0.9996340978779472,1.0006127124958017,1.001755546619419,1.0014094348232119,0.00081083296912018,0.0007977320705111543,0.0007552635126815526,0.0007536684334579461,0.0007456473690245381,0.0008208860052440555,0.0007882259575003163,0.000791801060706836,0.000816222513995085,0.0008532946002949576
84,ibh720kpq_flt.fits,2012-01-27T21:52:48.000,2455954.4116666666,100.651947,3.0,G141,1.0002038258144808,1.0008518842067753,1.000945280773758,1.0000273663965196,1.0011499695354675,0.999077694655505,1.0014792833381583,0.9993415292349743,1.000358678334374,0.998884705154373,0.0008074767436683414,0.0007971604018848919,0.0007553839600893087,0.0007540121793568476,0.0007463131970049391,0.0008215637398167493,0.0007884753237206628,0.0007914783629739572,0.0008156065904404352,0.0008526131824510151
85,ibh720kqq_flt.fits,2012-01-27T21:54:47.000,2455954.4130439814,100.651947,3.0,G141,1.0002850336919242,1.0005224411354203,0.9992352449577884,1.00034367069615,0.9983823988114232,1.000295314495057,1.0000160028699572,1.0011645069248185,1.000434595409087,1.0011336615304585,0.0008058133292692968,0.0007949360783049958,0.0007541537797362325,0.000753119683327458,0.0007452767459511585,0.0008205037293358491,0.000787890874115009,0.0007915052808363179,0.0008162765174288516,0.000853525982027293
86,ibh720krq_flt.fits,2012-01-27T21:56:46.000,2455954.414421296,100.651947,3.0,G141,1.000796381269825,1.0015325650708755,0.999445275644372,0.9994905062159689,0.9985441608503283,1.0004041436768358,1.0002622597525528,0.9973649519288061,1.0008766508618525,0.9997020344015706,0.000806335227225672,0.0007967394770018236,0.0007550145730604241,0.0007534223091609967,0.0007458128434258922,0.0008211241356993824,0.0007881843369430952,0.0007915261220889886,0.0008156696223905513,0.0008529821398247126
87,ibh720ksq_flt.fits,2012-01-27T21:58:45.000,2455954.415798611,100.651947,3.0,G141,1.0005103147682501,1.0008061600667528,1.0010467212533285,1.0009008056101634,1.0014887401997523,0.9995392308621949,1.001178742751024,1.0015217815226767,1.0004460750922466,1.0005564782721794,0.0008043852082804699,0.0007940632250056138,0.0007543898388811594,0.0007537754237620639,0.0007457074571885135,0.0008209192329187559,0.0007884051674890847,0.0007918889760778083,0.000815866979885663,0.0008526740177595951
88,ibh720ktq_flt.fits,2012-01-27T22:00:44.000,2455954.417175926,100.651947,3.0,G141,0.9998345603725739,1.0013015783866872,1.0026817019957202,1.0002630214175479,1.0016518123602398,1.0003004653801506,0.9999839971300427,1.0019182434393223,1.0012451505622098,1.0005413372920713,0.0008116926560340517,0.0008012364756471791,0.0007563014702576592,0.0007532390630961174,0.0007455776937768078,0.0008211609416942958,0.0007884915807586632,0.0007920015062881354,0.000816409634586775,0.0008532413435266007
89,ibh720kuq_flt.fits,2012-01-27T22:02:43.000,2455954.4185532406,100.651947,3.0,G141,0.9992065775571202,1.0002619563327004,1.0006806826633032,0.998831497138445,0.9994413722746496,1.0003324177106698,1.000438048323943,1.0015839971140923,1.0003027375743316,1.0018565618189308,0.0008077593247965048,0.0007979315675122843,0.0007554061534739259,0.0007536436358625506,0.0007457859450617491,0.0008212505867416457,0.0007886043975733911,0.0007918985961879526,0.0008160975745050152,0.0008532342560929245
90,ibh720kvq_flt.fits,2012-01-27T22:04:42.000,2455954.4199305554,100.651947,3.0,G141,0.9988456497060639,0.9998745824939349,0.9997850649736012,1.0010178607648585,1.0021655903309201,1.0023192420660172,1.0003391937539574,1.0010064285665983,1.0009775442829725,1.0024645761799953,0.0008074257649677086,0.0007947021206730165,0.0007552019505097735,0.0007548323992604738,0.000746659841076155,0.0008215393875158603,0.0007884856543219787,0.0007915993016886977,0.0008160206130816122,0.0008534033329828081
91,ibh720kwq_flt.fits,2012-01-27T22:06:41.000,2455954.42130787,100.651947,3.0,G141,1.001340574974679,1.002214932106778,1.0011182005420594,1.0014205051581506,1.0009493162612535,1.0018627524519583,1.00131868927903,1.0004312830831403,1.001929440016924,1.00282526821471,0.0008063732998340558,0.0007925394817570914,0.0007543755556333184,0.0007543026372882633,0.0007456696854463147,0.000820565897187787,0.0007882753111565719,0.000792100913943486,0.0008165008568797009,0.0008536048525184507
92,ibh720kxq_flt.fits,2012-01-27T22:08:40.000,2455954.422685185,100.651947,3.0,G141,1.000796251603804,0.9995351401453504,1.0013197640447364,0.9988588858229918,1.0006220236255752,1.0006676672915804,1.0007045962694643,1.0002826672821301,1.0018312215481355,1.0024450006157075,0.0008072459079464475,0.000796527863536436,0.0007554663999463089,0.0007540801078053088,0.000745890585772423,0.000821097767963592,0.0007885421512120364,0.0007923781924622983,0.000817106214008203,0.0008540972745604435
93,ibh720kyq_flt.fits,2012-01-27T22:10:39.000,2455954.4240625,100.651947,3.0,G141,0.9999397925674041,0.9997613942299363,1.0014864869130375,1.000837333868913,1.0013879824661018,1.0004854520181767,1.0010343947528613,1.001005016728287,1.0016022457850768,1.0000248790411683,0.0008065729212816978,0.000797113541142065,0.0007555676585121859,0.0007540039056232871,0.000746029204028805,0.000821371061401603,0.0007888594076647971,0.0007922839141657911,0.0008161469939292191,0.0008529601645521947
94,ibh720kzq_flt.fits,2012-01-27T22:12:38.000,2455954.425439815,100.651947,3.0,G141,1.0015323218786294,1.0012965783927394,1.0008720765474564,1.0009563642506465,1.0016329699474857,1.0007086738266573,1.0010317279882972,1.0007467598399604,1.0005129921797298,1.000431769228078,0.0008091257251230757,0.0007964943099274023,0.000755962084249351,0.0007546785158964937,0.0007460188233528893,0.000820921857366244,0.0007886754136178481,0.0007924155477327222,0.0008166210371737301,0.0008533220965600063
95,ibh720l0q_flt.fits,2012-01-27T22:14:37.000,2455954.42681713,100.651947,3.0,G141,1.0006215714774336,1.0005841316878228,1.0011490815627062,1.0002440184152952,0.9996887498620469,0.9991623079268978,1.00272495856898,1.0012851737255108,1.0013685275642048,1.0016159409134426,0.0008104400087918425,0.0008006983374401401,0.0007555416634155557,0.0007527210134756338,0.0007455403949047517,0.0008214557101094081,0.000788700899326839,0.0007920040066870003,0.0008164345514541021,0.0008539916848317643
96,ibh720l1q_flt.fits,2012-01-27T22:16:36.000,2455954.4281944446,100.651947,3.0,G141,1.000096797480882,1.0017240569999553,1.000968404136389,1.0009481132056757,1.0009547665714218,1.0013658225567865,1.0016387345563713,1.0010802769894838,1.0017373173474489,1.0012079841731918,0.0008101692371919378,0.0008005884335520295,0.0007558352596859813,0.0007530620708929484,0.0007458248251887571,0.000821730510634986,0.0007893573506810714,0.000792755506217424,0.0008165635332454284,0.0008531532467735809
97,ibh720l2q_flt.fits,2012-01-27T22:18:35.000,2455954.4295717594,100.651947,3.0,G141,1.0007668807210606,1.0008724236918634,1.0012757048442382,0.9997085675025615,1.0015495454945584,0.9995752676353117,0.9998311436621945,1.000948358525748,1.002317789604383,1.0012132040108903,0.0008076233434811787,0.0007970318942024488,0.00075546225101434,0.0007539934637681865,0.0007459123993627117,0.0008210051111284213,0.0007880185074913132,0.0007914269564837431,0.0008163214263952214,0.0008541114171808865
